n_samples,n_features,imbalance_ratio,class_separation,roc_auc,balanced_accuracy,precision,recall,f1_score,best_params
100,50,0.1,0.8,0.5,0.5,0.8099999999999999,0.9,0.8526315789473683,"{'classifier__scale_pos_weight': 3, 'classifier__n_estimators': np.int64(625), 'classifier__min_child_weight': 4, 'classifier__max_depth': 3, 'classifier__learning_rate': np.float64(0.31622776601683794), 'classifier__colsample_bytree': np.float64(0.5)}"
100,50,0.1,1.0,0.7083333333333333,0.5,0.8099999999999999,0.9,0.8526315789473683,"{'classifier__scale_pos_weight': 2, 'classifier__n_estimators': np.int64(5), 'classifier__min_child_weight': 2, 'classifier__max_depth': 8, 'classifier__learning_rate': np.float64(0.01), 'classifier__colsample_bytree': np.float64(0.6)}"
100,50,0.1,1.2,0.5277777777777778,0.5,0.8099999999999999,0.9,0.8526315789473683,"{'classifier__scale_pos_weight': 2, 'classifier__n_estimators': np.int64(625), 'classifier__min_child_weight': 4, 'classifier__max_depth': 5, 'classifier__learning_rate': np.float64(1.0), 'classifier__colsample_bytree': np.float64(0.7)}"
100,50,0.1,1.4,0.8472222222222222,0.5,0.8099999999999999,0.9,0.8526315789473683,"{'classifier__scale_pos_weight': 2, 'classifier__n_estimators': np.int64(5), 'classifier__min_child_weight': 1, 'classifier__max_depth': 4, 'classifier__learning_rate': np.float64(0.03162277660168379), 'classifier__colsample_bytree': np.float64(0.6)}"
100,50,0.2,0.8,0.65625,0.59375,0.7666666666666667,0.8,0.7725490196078432,"{'classifier__scale_pos_weight': 4, 'classifier__n_estimators': np.int64(625), 'classifier__min_child_weight': 2, 'classifier__max_depth': 10, 'classifier__learning_rate': np.float64(1.0), 'classifier__colsample_bytree': np.float64(0.7999999999999999)}"
100,50,0.2,1.0,0.78125,0.6875,0.8,0.8,0.8,"{'classifier__scale_pos_weight': 3, 'classifier__n_estimators': np.int64(625), 'classifier__min_child_weight': 2, 'classifier__max_depth': 9, 'classifier__learning_rate': np.float64(1.0), 'classifier__colsample_bytree': np.float64(0.8999999999999999)}"
100,50,0.2,1.2,0.8125,0.59375,0.7666666666666667,0.8,0.7725490196078432,"{'classifier__scale_pos_weight': 2, 'classifier__n_estimators': np.int64(125), 'classifier__min_child_weight': 1, 'classifier__max_depth': 3, 'classifier__learning_rate': np.float64(0.31622776601683794), 'classifier__colsample_bytree': np.float64(0.8999999999999999)}"
100,50,0.2,1.4,0.8125,0.625,0.8736842105263157,0.85,0.8114285714285714,"{'classifier__scale_pos_weight': 2, 'classifier__n_estimators': np.int64(5), 'classifier__min_child_weight': 2, 'classifier__max_depth': 4, 'classifier__learning_rate': np.float64(0.31622776601683794), 'classifier__colsample_bytree': np.float64(0.6)}"
100,50,0.3,0.8,0.7857142857142858,0.5833333333333334,0.8157894736842106,0.75,0.6796536796536796,"{'classifier__scale_pos_weight': 3, 'classifier__n_estimators': np.int64(125), 'classifier__min_child_weight': 1, 'classifier__max_depth': 4, 'classifier__learning_rate': np.float64(0.31622776601683794), 'classifier__colsample_bytree': np.float64(0.7)}"
100,50,0.3,1.0,0.7857142857142857,0.5833333333333334,0.8157894736842106,0.75,0.6796536796536796,"{'classifier__scale_pos_weight': 3, 'classifier__n_estimators': np.int64(25), 'classifier__min_child_weight': 2, 'classifier__max_depth': 7, 'classifier__learning_rate': np.float64(0.31622776601683794), 'classifier__colsample_bytree': np.float64(0.7)}"
100,50,0.3,1.2,0.7023809523809524,0.6666666666666666,0.8444444444444444,0.8,0.7625,"{'classifier__scale_pos_weight': 1, 'classifier__n_estimators': np.int64(5), 'classifier__min_child_weight': 1, 'classifier__max_depth': 6, 'classifier__learning_rate': np.float64(0.31622776601683794), 'classifier__colsample_bytree': np.float64(0.5)}"
100,50,0.3,1.4,0.8333333333333334,0.5476190476190477,0.6555555555555556,0.7,0.64375,"{'classifier__scale_pos_weight': 3, 'classifier__n_estimators': np.int64(125), 'classifier__min_child_weight': 4, 'classifier__max_depth': 8, 'classifier__learning_rate': np.float64(0.1), 'classifier__colsample_bytree': np.float64(0.8999999999999999)}"
100,50,0.4,0.8,0.6041666666666666,0.5,0.36,0.6,0.45,"{'classifier__scale_pos_weight': 1, 'classifier__n_estimators': np.int64(5), 'classifier__min_child_weight': 2, 'classifier__max_depth': 7, 'classifier__learning_rate': np.float64(0.01), 'classifier__colsample_bytree': np.float64(0.6)}"
100,50,0.4,1.0,0.6979166666666666,0.625,0.6439560439560439,0.65,0.6453333333333333,"{'classifier__scale_pos_weight': 3, 'classifier__n_estimators': np.int64(625), 'classifier__min_child_weight': 2, 'classifier__max_depth': 2, 'classifier__learning_rate': np.float64(0.01), 'classifier__colsample_bytree': np.float64(0.6)}"
100,50,0.4,1.2,0.8020833333333333,0.625,0.6439560439560439,0.65,0.6453333333333333,"{'classifier__scale_pos_weight': 4, 'classifier__n_estimators': np.int64(625), 'classifier__min_child_weight': 1, 'classifier__max_depth': 9, 'classifier__learning_rate': np.float64(0.1), 'classifier__colsample_bytree': np.float64(0.5)}"
100,50,0.4,1.4,0.8229166666666666,0.75,0.7575757575757576,0.75,0.751918158567775,"{'classifier__scale_pos_weight': 1, 'classifier__n_estimators': np.int64(3125), 'classifier__min_child_weight': 1, 'classifier__max_depth': 8, 'classifier__learning_rate': np.float64(0.01), 'classifier__colsample_bytree': np.float64(0.7)}"
100,150,0.1,0.8,0.25,0.5,0.8099999999999999,0.9,0.8526315789473683,"{'classifier__scale_pos_weight': 3, 'classifier__n_estimators': np.int64(125), 'classifier__min_child_weight': 1, 'classifier__max_depth': 3, 'classifier__learning_rate': np.float64(1.0), 'classifier__colsample_bytree': np.float64(0.7999999999999999)}"
100,150,0.1,1.0,0.5,0.5,0.8099999999999999,0.9,0.8526315789473683,"{'classifier__scale_pos_weight': 3, 'classifier__n_estimators': np.int64(125), 'classifier__min_child_weight': 1, 'classifier__max_depth': 3, 'classifier__learning_rate': np.float64(0.01), 'classifier__colsample_bytree': np.float64(0.6)}"
100,150,0.1,1.2,0.6944444444444444,0.5,0.8099999999999999,0.9,0.8526315789473683,"{'classifier__scale_pos_weight': 3, 'classifier__n_estimators': np.int64(25), 'classifier__min_child_weight': 2, 'classifier__max_depth': 4, 'classifier__learning_rate': np.float64(0.1), 'classifier__colsample_bytree': np.float64(0.8999999999999999)}"
100,150,0.1,1.4,0.8611111111111112,0.5,0.8099999999999999,0.9,0.8526315789473683,"{'classifier__scale_pos_weight': 2, 'classifier__n_estimators': np.int64(5), 'classifier__min_child_weight': 1, 'classifier__max_depth': 4, 'classifier__learning_rate': np.float64(0.1), 'classifier__colsample_bytree': np.float64(0.7999999999999999)}"
100,150,0.2,0.8,0.6875,0.59375,0.7666666666666667,0.8,0.7725490196078432,"{'classifier__scale_pos_weight': 2, 'classifier__n_estimators': np.int64(3125), 'classifier__min_child_weight': 1, 'classifier__max_depth': 5, 'classifier__learning_rate': np.float64(1.0), 'classifier__colsample_bytree': np.float64(0.7)}"
100,150,0.2,1.0,0.90625,0.59375,0.7666666666666667,0.8,0.7725490196078432,"{'classifier__scale_pos_weight': 2, 'classifier__n_estimators': np.int64(625), 'classifier__min_child_weight': 1, 'classifier__max_depth': 8, 'classifier__learning_rate': np.float64(0.1), 'classifier__colsample_bytree': np.float64(0.5)}"
100,150,0.2,1.2,0.84375,0.5,0.64,0.8,0.711111111111111,"{'classifier__scale_pos_weight': 4, 'classifier__n_estimators': np.int64(3125), 'classifier__min_child_weight': 2, 'classifier__max_depth': 9, 'classifier__learning_rate': np.float64(0.03162277660168379), 'classifier__colsample_bytree': np.float64(0.7999999999999999)}"
100,150,0.2,1.4,0.796875,0.59375,0.7666666666666667,0.8,0.7725490196078432,"{'classifier__scale_pos_weight': 2, 'classifier__n_estimators': np.int64(625), 'classifier__min_child_weight': 2, 'classifier__max_depth': 8, 'classifier__learning_rate': np.float64(0.31622776601683794), 'classifier__colsample_bytree': np.float64(0.7999999999999999)}"
100,150,0.3,0.8,0.38095238095238093,0.39285714285714285,0.45294117647058824,0.55,0.4967741935483871,"{'classifier__scale_pos_weight': 1, 'classifier__n_estimators': np.int64(125), 'classifier__min_child_weight': 4, 'classifier__max_depth': 4, 'classifier__learning_rate': np.float64(1.0), 'classifier__colsample_bytree': np.float64(0.7999999999999999)}"
100,150,0.3,1.0,0.6904761904761905,0.7142857142857143,0.79375,0.8,0.7866666666666666,"{'classifier__scale_pos_weight': 4, 'classifier__n_estimators': np.int64(125), 'classifier__min_child_weight': 4, 'classifier__max_depth': 5, 'classifier__learning_rate': np.float64(1.0), 'classifier__colsample_bytree': np.float64(0.7)}"
100,150,0.3,1.2,0.6547619047619048,0.5238095238095238,0.6,0.6,0.6,"{'classifier__scale_pos_weight': 1, 'classifier__n_estimators': np.int64(5), 'classifier__min_child_weight': 4, 'classifier__max_depth': 6, 'classifier__learning_rate': np.float64(1.0), 'classifier__colsample_bytree': np.float64(0.7)}"
100,150,0.3,1.4,0.7261904761904763,0.7142857142857143,0.79375,0.8,0.7866666666666666,"{'classifier__scale_pos_weight': 1, 'classifier__n_estimators': np.int64(3125), 'classifier__min_child_weight': 3, 'classifier__max_depth': 6, 'classifier__learning_rate': np.float64(0.01), 'classifier__colsample_bytree': np.float64(0.5)}"
100,150,0.4,0.8,0.42708333333333337,0.5,0.36,0.6,0.45,"{'classifier__scale_pos_weight': 2, 'classifier__n_estimators': np.int64(25), 'classifier__min_child_weight': 1, 'classifier__max_depth': 9, 'classifier__learning_rate': np.float64(0.01), 'classifier__colsample_bytree': np.float64(0.6)}"
100,150,0.4,1.0,0.3541666666666667,0.33333333333333337,0.3616161616161616,0.35,0.3549872122762149,"{'classifier__scale_pos_weight': 2, 'classifier__n_estimators': np.int64(3125), 'classifier__min_child_weight': 4, 'classifier__max_depth': 9, 'classifier__learning_rate': np.float64(1.0), 'classifier__colsample_bytree': np.float64(0.8999999999999999)}"
100,150,0.4,1.2,0.5729166666666666,0.6458333333333333,0.6585858585858586,0.65,0.6526854219948849,"{'classifier__scale_pos_weight': 1, 'classifier__n_estimators': np.int64(125), 'classifier__min_child_weight': 3, 'classifier__max_depth': 3, 'classifier__learning_rate': np.float64(1.0), 'classifier__colsample_bytree': np.float64(0.7999999999999999)}"
100,150,0.4,1.4,0.5052083333333333,0.5,0.36,0.6,0.45,"{'classifier__scale_pos_weight': 2, 'classifier__n_estimators': np.int64(5), 'classifier__min_child_weight': 4, 'classifier__max_depth': 8, 'classifier__learning_rate': np.float64(0.03162277660168379), 'classifier__colsample_bytree': np.float64(0.5)}"
100,300,0.1,0.8,0.25,0.5,0.8099999999999999,0.9,0.8526315789473683,"{'classifier__scale_pos_weight': 1, 'classifier__n_estimators': np.int64(625), 'classifier__min_child_weight': 3, 'classifier__max_depth': 9, 'classifier__learning_rate': np.float64(0.03162277660168379), 'classifier__colsample_bytree': np.float64(0.5)}"
100,300,0.1,1.0,0.5833333333333333,0.5,0.8099999999999999,0.9,0.8526315789473683,"{'classifier__scale_pos_weight': 1, 'classifier__n_estimators': np.int64(125), 'classifier__min_child_weight': 1, 'classifier__max_depth': 3, 'classifier__learning_rate': np.float64(0.31622776601683794), 'classifier__colsample_bytree': np.float64(0.6)}"
100,300,0.1,1.2,0.33333333333333337,0.4722222222222222,0.8052631578947368,0.85,0.827027027027027,"{'classifier__scale_pos_weight': 2, 'classifier__n_estimators': np.int64(625), 'classifier__min_child_weight': 2, 'classifier__max_depth': 3, 'classifier__learning_rate': np.float64(0.31622776601683794), 'classifier__colsample_bytree': np.float64(0.6)}"
100,300,0.1,1.4,0.19444444444444445,0.5,0.8099999999999999,0.9,0.8526315789473683,"{'classifier__scale_pos_weight': 1, 'classifier__n_estimators': np.int64(125), 'classifier__min_child_weight': 3, 'classifier__max_depth': 10, 'classifier__learning_rate': np.float64(0.03162277660168379), 'classifier__colsample_bytree': np.float64(0.6)}"
100,300,0.2,0.8,0.859375,0.5,0.64,0.8,0.711111111111111,"{'classifier__scale_pos_weight': 2, 'classifier__n_estimators': np.int64(5), 'classifier__min_child_weight': 1, 'classifier__max_depth': 10, 'classifier__learning_rate': np.float64(0.03162277660168379), 'classifier__colsample_bytree': np.float64(0.7999999999999999)}"
100,300,0.2,1.0,0.90625,0.5,0.64,0.8,0.711111111111111,"{'classifier__scale_pos_weight': 3, 'classifier__n_estimators': np.int64(125), 'classifier__min_child_weight': 2, 'classifier__max_depth': 3, 'classifier__learning_rate': np.float64(0.01), 'classifier__colsample_bytree': np.float64(0.6)}"
100,300,0.2,1.2,0.984375,0.75,0.9111111111111111,0.9,0.8862745098039216,"{'classifier__scale_pos_weight': 1, 'classifier__n_estimators': np.int64(5), 'classifier__min_child_weight': 1, 'classifier__max_depth': 9, 'classifier__learning_rate': np.float64(1.0), 'classifier__colsample_bytree': np.float64(0.7)}"
100,300,0.2,1.4,0.921875,0.5,0.64,0.8,0.711111111111111,"{'classifier__scale_pos_weight': 4, 'classifier__n_estimators': np.int64(125), 'classifier__min_child_weight': 2, 'classifier__max_depth': 10, 'classifier__learning_rate': np.float64(0.01), 'classifier__colsample_bytree': np.float64(0.6)}"
100,300,0.3,0.8,0.5595238095238095,0.5119047619047619,0.5941176470588235,0.65,0.6086021505376344,"{'classifier__scale_pos_weight': 2, 'classifier__n_estimators': np.int64(125), 'classifier__min_child_weight': 1, 'classifier__max_depth': 8, 'classifier__learning_rate': np.float64(1.0), 'classifier__colsample_bytree': np.float64(0.5)}"
100,300,0.3,1.0,0.6785714285714286,0.5,0.48999999999999994,0.7,0.5764705882352941,"{'classifier__scale_pos_weight': 4, 'classifier__n_estimators': np.int64(25), 'classifier__min_child_weight': 1, 'classifier__max_depth': 7, 'classifier__learning_rate': np.float64(0.1), 'classifier__colsample_bytree': np.float64(0.6)}"
100,300,0.3,1.2,0.7023809523809523,0.42857142857142855,0.4666666666666666,0.6,0.525,"{'classifier__scale_pos_weight': 3, 'classifier__n_estimators': np.int64(625), 'classifier__min_child_weight': 1, 'classifier__max_depth': 5, 'classifier__learning_rate': np.float64(0.1), 'classifier__colsample_bytree': np.float64(0.7)}"
100,300,0.3,1.4,0.5833333333333333,0.5,0.48999999999999994,0.7,0.5764705882352941,"{'classifier__scale_pos_weight': 1, 'classifier__n_estimators': np.int64(25), 'classifier__min_child_weight': 4, 'classifier__max_depth': 3, 'classifier__learning_rate': np.float64(0.01), 'classifier__colsample_bytree': np.float64(0.6)}"
100,300,0.4,0.8,0.37500000000000006,0.4166666666666667,0.4373626373626374,0.45,0.44266666666666665,"{'classifier__scale_pos_weight': 1, 'classifier__n_estimators': np.int64(3125), 'classifier__min_child_weight': 3, 'classifier__max_depth': 3, 'classifier__learning_rate': np.float64(1.0), 'classifier__colsample_bytree': np.float64(0.7999999999999999)}"
100,300,0.4,1.0,0.59375,0.4791666666666667,0.4862745098039215,0.55,0.48652037617554866,"{'classifier__scale_pos_weight': 2, 'classifier__n_estimators': np.int64(125), 'classifier__min_child_weight': 4, 'classifier__max_depth': 10, 'classifier__learning_rate': np.float64(0.31622776601683794), 'classifier__colsample_bytree': np.float64(0.6)}"
100,300,0.4,1.2,0.5104166666666667,0.5625,0.7789473684210526,0.65,0.5534050179211469,"{'classifier__scale_pos_weight': 4, 'classifier__n_estimators': np.int64(125), 'classifier__min_child_weight': 4, 'classifier__max_depth': 2, 'classifier__learning_rate': np.float64(0.1), 'classifier__colsample_bytree': np.float64(0.5)}"
100,300,0.4,1.4,0.7291666666666666,0.5833333333333333,0.6549019607843137,0.65,0.6006269592476489,"{'classifier__scale_pos_weight': 3, 'classifier__n_estimators': np.int64(125), 'classifier__min_child_weight': 4, 'classifier__max_depth': 4, 'classifier__learning_rate': np.float64(0.31622776601683794), 'classifier__colsample_bytree': np.float64(0.7999999999999999)}"
100,600,0.1,0.8,0.5138888888888888,0.5,0.8099999999999999,0.9,0.8526315789473683,"{'classifier__scale_pos_weight': 4, 'classifier__n_estimators': np.int64(625), 'classifier__min_child_weight': 4, 'classifier__max_depth': 3, 'classifier__learning_rate': np.float64(1.0), 'classifier__colsample_bytree': np.float64(0.7999999999999999)}"
100,600,0.1,1.0,0.9722222222222222,0.5,0.8099999999999999,0.9,0.8526315789473683,"{'classifier__scale_pos_weight': 3, 'classifier__n_estimators': np.int64(625), 'classifier__min_child_weight': 1, 'classifier__max_depth': 6, 'classifier__learning_rate': np.float64(1.0), 'classifier__colsample_bytree': np.float64(0.7)}"
100,600,0.1,1.2,0.8055555555555556,0.5,0.8099999999999999,0.9,0.8526315789473683,"{'classifier__scale_pos_weight': 3, 'classifier__n_estimators': np.int64(3125), 'classifier__min_child_weight': 1, 'classifier__max_depth': 9, 'classifier__learning_rate': np.float64(1.0), 'classifier__colsample_bytree': np.float64(0.7999999999999999)}"
100,600,0.1,1.4,0.5277777777777778,0.5,0.8099999999999999,0.9,0.8526315789473683,"{'classifier__scale_pos_weight': 4, 'classifier__n_estimators': np.int64(25), 'classifier__min_child_weight': 4, 'classifier__max_depth': 7, 'classifier__learning_rate': np.float64(0.31622776601683794), 'classifier__colsample_bytree': np.float64(0.5)}"
100,600,0.2,0.8,0.6015625,0.5,0.64,0.8,0.711111111111111,"{'classifier__scale_pos_weight': 3, 'classifier__n_estimators': np.int64(5), 'classifier__min_child_weight': 2, 'classifier__max_depth': 5, 'classifier__learning_rate': np.float64(0.03162277660168379), 'classifier__colsample_bytree': np.float64(0.7)}"
100,600,0.2,1.0,0.5625,0.5,0.64,0.8,0.711111111111111,"{'classifier__scale_pos_weight': 4, 'classifier__n_estimators': np.int64(5), 'classifier__min_child_weight': 2, 'classifier__max_depth': 4, 'classifier__learning_rate': np.float64(0.1), 'classifier__colsample_bytree': np.float64(0.8999999999999999)}"
100,600,0.2,1.2,0.4921875,0.4375,0.6222222222222222,0.7,0.6588235294117647,"{'classifier__scale_pos_weight': 3, 'classifier__n_estimators': np.int64(3125), 'classifier__min_child_weight': 2, 'classifier__max_depth': 2, 'classifier__learning_rate': np.float64(1.0), 'classifier__colsample_bytree': np.float64(0.8999999999999999)}"
100,600,0.2,1.4,0.46875,0.5,0.64,0.8,0.711111111111111,"{'classifier__scale_pos_weight': 3, 'classifier__n_estimators': np.int64(125), 'classifier__min_child_weight': 2, 'classifier__max_depth': 2, 'classifier__learning_rate': np.float64(1.0), 'classifier__colsample_bytree': np.float64(0.7999999999999999)}"
100,600,0.3,0.8,0.5476190476190477,0.5,0.48999999999999994,0.7,0.5764705882352941,"{'classifier__scale_pos_weight': 4, 'classifier__n_estimators': np.int64(125), 'classifier__min_child_weight': 1, 'classifier__max_depth': 8, 'classifier__learning_rate': np.float64(0.01), 'classifier__colsample_bytree': np.float64(0.5)}"
100,600,0.3,1.0,0.6309523809523809,0.6309523809523809,0.7352941176470588,0.75,0.7204301075268817,"{'classifier__scale_pos_weight': 4, 'classifier__n_estimators': np.int64(3125), 'classifier__min_child_weight': 1, 'classifier__max_depth': 6, 'classifier__learning_rate': np.float64(0.1), 'classifier__colsample_bytree': np.float64(0.6)}"
100,600,0.3,1.2,0.7261904761904763,0.7619047619047619,0.8,0.8,0.8,"{'classifier__scale_pos_weight': 1, 'classifier__n_estimators': np.int64(3125), 'classifier__min_child_weight': 1, 'classifier__max_depth': 5, 'classifier__learning_rate': np.float64(0.03162277660168379), 'classifier__colsample_bytree': np.float64(0.8999999999999999)}"
100,600,0.3,1.4,0.7261904761904763,0.8333333333333333,0.9125,0.9,0.8933333333333333,"{'classifier__scale_pos_weight': 1, 'classifier__n_estimators': np.int64(125), 'classifier__min_child_weight': 4, 'classifier__max_depth': 4, 'classifier__learning_rate': np.float64(0.1), 'classifier__colsample_bytree': np.float64(0.5)}"
100,600,0.4,0.8,0.453125,0.5,0.36,0.6,0.45,"{'classifier__scale_pos_weight': 2, 'classifier__n_estimators': np.int64(5), 'classifier__min_child_weight': 1, 'classifier__max_depth': 6, 'classifier__learning_rate': np.float64(0.01), 'classifier__colsample_bytree': np.float64(0.8999999999999999)}"
100,600,0.4,1.0,0.6666666666666666,0.5833333333333333,0.6549019607843137,0.65,0.6006269592476489,"{'classifier__scale_pos_weight': 3, 'classifier__n_estimators': np.int64(3125), 'classifier__min_child_weight': 4, 'classifier__max_depth': 2, 'classifier__learning_rate': np.float64(0.01), 'classifier__colsample_bytree': np.float64(0.5)}"
100,600,0.4,1.2,0.7291666666666667,0.7083333333333333,0.76,0.75,0.735042735042735,"{'classifier__scale_pos_weight': 4, 'classifier__n_estimators': np.int64(125), 'classifier__min_child_weight': 4, 'classifier__max_depth': 4, 'classifier__learning_rate': np.float64(0.1), 'classifier__colsample_bytree': np.float64(0.7999999999999999)}"
100,600,0.4,1.4,0.75,0.7291666666666667,0.7472527472527473,0.75,0.7466666666666667,"{'classifier__scale_pos_weight': 2, 'classifier__n_estimators': np.int64(125), 'classifier__min_child_weight': 2, 'classifier__max_depth': 9, 'classifier__learning_rate': np.float64(0.31622776601683794), 'classifier__colsample_bytree': np.float64(0.7)}"
100,1000,0.1,0.8,0.8888888888888888,0.5,0.8099999999999999,0.9,0.8526315789473683,"{'classifier__scale_pos_weight': 2, 'classifier__n_estimators': np.int64(125), 'classifier__min_child_weight': 3, 'classifier__max_depth': 3, 'classifier__learning_rate': np.float64(0.31622776601683794), 'classifier__colsample_bytree': np.float64(0.5)}"
100,1000,0.1,1.0,0.75,0.5,0.8099999999999999,0.9,0.8526315789473683,"{'classifier__scale_pos_weight': 1, 'classifier__n_estimators': np.int64(125), 'classifier__min_child_weight': 2, 'classifier__max_depth': 6, 'classifier__learning_rate': np.float64(0.1), 'classifier__colsample_bytree': np.float64(0.8999999999999999)}"
100,1000,0.1,1.2,0.7222222222222222,0.5,0.8099999999999999,0.9,0.8526315789473683,"{'classifier__scale_pos_weight': 3, 'classifier__n_estimators': np.int64(125), 'classifier__min_child_weight': 4, 'classifier__max_depth': 9, 'classifier__learning_rate': np.float64(0.01), 'classifier__colsample_bytree': np.float64(0.6)}"
100,1000,0.1,1.4,0.375,0.5,0.8099999999999999,0.9,0.8526315789473683,"{'classifier__scale_pos_weight': 4, 'classifier__n_estimators': np.int64(625), 'classifier__min_child_weight': 1, 'classifier__max_depth': 9, 'classifier__learning_rate': np.float64(0.31622776601683794), 'classifier__colsample_bytree': np.float64(0.6)}"
100,1000,0.2,0.8,0.3203125,0.5,0.64,0.8,0.711111111111111,"{'classifier__scale_pos_weight': 2, 'classifier__n_estimators': np.int64(5), 'classifier__min_child_weight': 4, 'classifier__max_depth': 2, 'classifier__learning_rate': np.float64(0.1), 'classifier__colsample_bytree': np.float64(0.7)}"
100,1000,0.2,1.0,0.5625,0.59375,0.7666666666666667,0.8,0.7725490196078432,"{'classifier__scale_pos_weight': 3, 'classifier__n_estimators': np.int64(625), 'classifier__min_child_weight': 1, 'classifier__max_depth': 3, 'classifier__learning_rate': np.float64(0.31622776601683794), 'classifier__colsample_bytree': np.float64(0.8999999999999999)}"
100,1000,0.2,1.2,0.484375,0.375,0.6,0.6,0.6,"{'classifier__scale_pos_weight': 1, 'classifier__n_estimators': np.int64(625), 'classifier__min_child_weight': 3, 'classifier__max_depth': 3, 'classifier__learning_rate': np.float64(0.31622776601683794), 'classifier__colsample_bytree': np.float64(0.7)}"
100,1000,0.2,1.4,0.546875,0.5,0.64,0.8,0.711111111111111,"{'classifier__scale_pos_weight': 3, 'classifier__n_estimators': np.int64(3125), 'classifier__min_child_weight': 2, 'classifier__max_depth': 7, 'classifier__learning_rate': np.float64(0.31622776601683794), 'classifier__colsample_bytree': np.float64(0.5)}"
100,1000,0.3,0.8,0.39285714285714285,0.5,0.48999999999999994,0.7,0.5764705882352941,"{'classifier__scale_pos_weight': 4, 'classifier__n_estimators': np.int64(125), 'classifier__min_child_weight': 1, 'classifier__max_depth': 3, 'classifier__learning_rate': np.float64(0.01), 'classifier__colsample_bytree': np.float64(0.7)}"
100,1000,0.3,1.0,0.6666666666666667,0.5476190476190477,0.6555555555555556,0.7,0.64375,"{'classifier__scale_pos_weight': 2, 'classifier__n_estimators': np.int64(25), 'classifier__min_child_weight': 1, 'classifier__max_depth': 4, 'classifier__learning_rate': np.float64(0.1), 'classifier__colsample_bytree': np.float64(0.5)}"
100,1000,0.3,1.2,0.8214285714285714,0.5833333333333334,0.8157894736842106,0.75,0.6796536796536796,"{'classifier__scale_pos_weight': 1, 'classifier__n_estimators': np.int64(3125), 'classifier__min_child_weight': 2, 'classifier__max_depth': 9, 'classifier__learning_rate': np.float64(0.1), 'classifier__colsample_bytree': np.float64(0.7)}"
100,1000,0.3,1.4,0.9523809523809524,0.5,0.48999999999999994,0.7,0.5764705882352941,"{'classifier__scale_pos_weight': 3, 'classifier__n_estimators': np.int64(625), 'classifier__min_child_weight': 2, 'classifier__max_depth': 4, 'classifier__learning_rate': np.float64(0.1), 'classifier__colsample_bytree': np.float64(0.6)}"
100,1000,0.4,0.8,0.6666666666666666,0.5833333333333333,0.6549019607843137,0.65,0.6006269592476489,"{'classifier__scale_pos_weight': 3, 'classifier__n_estimators': np.int64(3125), 'classifier__min_child_weight': 4, 'classifier__max_depth': 9, 'classifier__learning_rate': np.float64(0.31622776601683794), 'classifier__colsample_bytree': np.float64(0.7)}"
100,1000,0.4,1.0,0.8229166666666666,0.6666666666666667,0.6952380952380952,0.7,0.6901098901098901,"{'classifier__scale_pos_weight': 3, 'classifier__n_estimators': np.int64(625), 'classifier__min_child_weight': 3, 'classifier__max_depth': 3, 'classifier__learning_rate': np.float64(0.31622776601683794), 'classifier__colsample_bytree': np.float64(0.7)}"
100,1000,0.4,1.2,0.7708333333333334,0.6041666666666667,0.64,0.65,0.6290598290598292,"{'classifier__scale_pos_weight': 2, 'classifier__n_estimators': np.int64(5), 'classifier__min_child_weight': 2, 'classifier__max_depth': 6, 'classifier__learning_rate': np.float64(0.31622776601683794), 'classifier__colsample_bytree': np.float64(0.7)}"
100,1000,0.4,1.4,0.875,0.7083333333333333,0.76,0.75,0.735042735042735,"{'classifier__scale_pos_weight': 4, 'classifier__n_estimators': np.int64(3125), 'classifier__min_child_weight': 3, 'classifier__max_depth': 6, 'classifier__learning_rate': np.float64(0.1), 'classifier__colsample_bytree': np.float64(0.6)}"
200,50,0.1,0.8,0.5902777777777778,0.4722222222222222,0.8052631578947368,0.85,0.827027027027027,"{'classifier__scale_pos_weight': 2, 'classifier__n_estimators': np.int64(5), 'classifier__min_child_weight': 3, 'classifier__max_depth': 6, 'classifier__learning_rate': np.float64(1.0), 'classifier__colsample_bytree': np.float64(0.5)}"
200,50,0.1,1.0,0.7638888888888888,0.625,0.9307692307692308,0.925,0.9040000000000001,"{'classifier__scale_pos_weight': 2, 'classifier__n_estimators': np.int64(125), 'classifier__min_child_weight': 4, 'classifier__max_depth': 7, 'classifier__learning_rate': np.float64(0.31622776601683794), 'classifier__colsample_bytree': np.float64(0.7)}"
200,50,0.1,1.2,0.9444444444444444,0.625,0.9307692307692308,0.925,0.9040000000000001,"{'classifier__scale_pos_weight': 1, 'classifier__n_estimators': np.int64(3125), 'classifier__min_child_weight': 1, 'classifier__max_depth': 10, 'classifier__learning_rate': np.float64(0.1), 'classifier__colsample_bytree': np.float64(0.7)}"
200,50,0.1,1.4,0.9097222222222222,0.625,0.9307692307692308,0.925,0.9040000000000001,"{'classifier__scale_pos_weight': 4, 'classifier__n_estimators': np.int64(3125), 'classifier__min_child_weight': 3, 'classifier__max_depth': 3, 'classifier__learning_rate': np.float64(0.03162277660168379), 'classifier__colsample_bytree': np.float64(0.8999999999999999)}"
200,50,0.2,0.8,0.79296875,0.484375,0.6358974358974359,0.775,0.6985915492957746,"{'classifier__scale_pos_weight': 1, 'classifier__n_estimators': np.int64(125), 'classifier__min_child_weight': 1, 'classifier__max_depth': 5, 'classifier__learning_rate': np.float64(0.03162277660168379), 'classifier__colsample_bytree': np.float64(0.8999999999999999)}"
200,50,0.2,1.0,0.859375,0.625,0.8736842105263157,0.85,0.8114285714285714,"{'classifier__scale_pos_weight': 4, 'classifier__n_estimators': np.int64(625), 'classifier__min_child_weight': 2, 'classifier__max_depth': 9, 'classifier__learning_rate': np.float64(0.1), 'classifier__colsample_bytree': np.float64(0.7)}"
200,50,0.2,1.2,0.890625,0.75,0.9111111111111111,0.9,0.8862745098039216,"{'classifier__scale_pos_weight': 2, 'classifier__n_estimators': np.int64(625), 'classifier__min_child_weight': 3, 'classifier__max_depth': 6, 'classifier__learning_rate': np.float64(0.31622776601683794), 'classifier__colsample_bytree': np.float64(0.6)}"
200,50,0.2,1.4,0.921875,0.8125,0.9314285714285713,0.925,0.9180252583237658,"{'classifier__scale_pos_weight': 4, 'classifier__n_estimators': np.int64(3125), 'classifier__min_child_weight': 2, 'classifier__max_depth': 8, 'classifier__learning_rate': np.float64(0.1), 'classifier__colsample_bytree': np.float64(0.6)}"
200,50,0.3,0.8,0.7886904761904762,0.5892857142857143,0.7,0.725,0.6836601307189543,"{'classifier__scale_pos_weight': 3, 'classifier__n_estimators': np.int64(3125), 'classifier__min_child_weight': 1, 'classifier__max_depth': 4, 'classifier__learning_rate': np.float64(1.0), 'classifier__colsample_bytree': np.float64(0.5)}"
200,50,0.3,1.0,0.7916666666666667,0.7083333333333334,0.8600000000000001,0.825,0.7986928104575163,"{'classifier__scale_pos_weight': 2, 'classifier__n_estimators': np.int64(125), 'classifier__min_child_weight': 2, 'classifier__max_depth': 7, 'classifier__learning_rate': np.float64(0.03162277660168379), 'classifier__colsample_bytree': np.float64(0.5)}"
200,50,0.3,1.2,0.9136904761904762,0.7916666666666667,0.8939393939393939,0.875,0.8636755823986195,"{'classifier__scale_pos_weight': 3, 'classifier__n_estimators': np.int64(25), 'classifier__min_child_weight': 4, 'classifier__max_depth': 2, 'classifier__learning_rate': np.float64(1.0), 'classifier__colsample_bytree': np.float64(0.6)}"
200,50,0.3,1.4,0.9017857142857143,0.6904761904761905,0.8058823529411765,0.8,0.7763440860215054,"{'classifier__scale_pos_weight': 3, 'classifier__n_estimators': np.int64(25), 'classifier__min_child_weight': 1, 'classifier__max_depth': 2, 'classifier__learning_rate': np.float64(0.31622776601683794), 'classifier__colsample_bytree': np.float64(0.7)}"
200,50,0.4,0.8,0.8489583333333333,0.7291666666666667,0.8007168458781362,0.775,0.7578181818181818,"{'classifier__scale_pos_weight': 4, 'classifier__n_estimators': np.int64(625), 'classifier__min_child_weight': 2, 'classifier__max_depth': 9, 'classifier__learning_rate': np.float64(0.1), 'classifier__colsample_bytree': np.float64(0.8999999999999999)}"
200,50,0.4,1.0,0.8958333333333334,0.75,0.85,0.8,0.7809523809523808,"{'classifier__scale_pos_weight': 4, 'classifier__n_estimators': np.int64(625), 'classifier__min_child_weight': 2, 'classifier__max_depth': 2, 'classifier__learning_rate': np.float64(0.03162277660168379), 'classifier__colsample_bytree': np.float64(0.5)}"
200,50,0.4,1.2,0.796875,0.6041666666666667,0.7142857142857143,0.675,0.6201775625504439,"{'classifier__scale_pos_weight': 4, 'classifier__n_estimators': np.int64(125), 'classifier__min_child_weight': 3, 'classifier__max_depth': 7, 'classifier__learning_rate': np.float64(0.03162277660168379), 'classifier__colsample_bytree': np.float64(0.8999999999999999)}"
200,50,0.4,1.4,0.9375,0.84375,0.8965517241379309,0.875,0.8693221523410204,"{'classifier__scale_pos_weight': 3, 'classifier__n_estimators': np.int64(125), 'classifier__min_child_weight': 2, 'classifier__max_depth': 10, 'classifier__learning_rate': np.float64(0.1), 'classifier__colsample_bytree': np.float64(0.5)}"
200,150,0.1,0.8,0.5625,0.5,0.8099999999999999,0.9,0.8526315789473683,"{'classifier__scale_pos_weight': 3, 'classifier__n_estimators': np.int64(125), 'classifier__min_child_weight': 2, 'classifier__max_depth': 3, 'classifier__learning_rate': np.float64(0.03162277660168379), 'classifier__colsample_bytree': np.float64(0.5)}"
200,150,0.1,1.0,0.7708333333333334,0.5,0.8099999999999999,0.9,0.8526315789473683,"{'classifier__scale_pos_weight': 1, 'classifier__n_estimators': np.int64(3125), 'classifier__min_child_weight': 1, 'classifier__max_depth': 3, 'classifier__learning_rate': np.float64(0.03162277660168379), 'classifier__colsample_bytree': np.float64(0.7999999999999999)}"
200,150,0.1,1.2,0.6631944444444444,0.5,0.8099999999999999,0.9,0.8526315789473683,"{'classifier__scale_pos_weight': 3, 'classifier__n_estimators': np.int64(5), 'classifier__min_child_weight': 3, 'classifier__max_depth': 2, 'classifier__learning_rate': np.float64(0.1), 'classifier__colsample_bytree': np.float64(0.7)}"
200,150,0.1,1.4,0.8194444444444444,0.5,0.8099999999999999,0.9,0.8526315789473683,"{'classifier__scale_pos_weight': 4, 'classifier__n_estimators': np.int64(625), 'classifier__min_child_weight': 1, 'classifier__max_depth': 6, 'classifier__learning_rate': np.float64(0.01), 'classifier__colsample_bytree': np.float64(0.6)}"
200,150,0.2,0.8,0.66796875,0.5,0.64,0.8,0.711111111111111,"{'classifier__scale_pos_weight': 2, 'classifier__n_estimators': np.int64(25), 'classifier__min_child_weight': 3, 'classifier__max_depth': 5, 'classifier__learning_rate': np.float64(0.01), 'classifier__colsample_bytree': np.float64(0.8999999999999999)}"
200,150,0.2,1.0,0.8046875,0.5,0.64,0.8,0.711111111111111,"{'classifier__scale_pos_weight': 2, 'classifier__n_estimators': np.int64(125), 'classifier__min_child_weight': 3, 'classifier__max_depth': 5, 'classifier__learning_rate': np.float64(0.01), 'classifier__colsample_bytree': np.float64(0.7)}"
200,150,0.2,1.2,0.69921875,0.53125,0.7153153153153153,0.775,0.7320158102766798,"{'classifier__scale_pos_weight': 2, 'classifier__n_estimators': np.int64(5), 'classifier__min_child_weight': 2, 'classifier__max_depth': 7, 'classifier__learning_rate': np.float64(0.31622776601683794), 'classifier__colsample_bytree': np.float64(0.7999999999999999)}"
200,150,0.2,1.4,0.8671875,0.546875,0.7526315789473684,0.8,0.7485714285714286,"{'classifier__scale_pos_weight': 3, 'classifier__n_estimators': np.int64(125), 'classifier__min_child_weight': 1, 'classifier__max_depth': 9, 'classifier__learning_rate': np.float64(0.03162277660168379), 'classifier__colsample_bytree': np.float64(0.7)}"
200,150,0.3,0.8,0.44047619047619047,0.4107142857142857,0.45999999999999996,0.575,0.5111111111111111,"{'classifier__scale_pos_weight': 1, 'classifier__n_estimators': np.int64(625), 'classifier__min_child_weight': 4, 'classifier__max_depth': 10, 'classifier__learning_rate': np.float64(0.01), 'classifier__colsample_bytree': np.float64(0.8999999999999999)}"
200,150,0.3,1.0,0.5863095238095238,0.5297619047619048,0.62,0.675,0.6261437908496732,"{'classifier__scale_pos_weight': 3, 'classifier__n_estimators': np.int64(125), 'classifier__min_child_weight': 2, 'classifier__max_depth': 10, 'classifier__learning_rate': np.float64(0.31622776601683794), 'classifier__colsample_bytree': np.float64(0.8999999999999999)}"
200,150,0.3,1.2,0.7351190476190476,0.6309523809523809,0.7352941176470588,0.75,0.7204301075268817,"{'classifier__scale_pos_weight': 3, 'classifier__n_estimators': np.int64(3125), 'classifier__min_child_weight': 4, 'classifier__max_depth': 8, 'classifier__learning_rate': np.float64(0.03162277660168379), 'classifier__colsample_bytree': np.float64(0.5)}"
200,150,0.3,1.4,0.9136904761904762,0.625,0.8297297297297298,0.775,0.7230769230769231,"{'classifier__scale_pos_weight': 4, 'classifier__n_estimators': np.int64(3125), 'classifier__min_child_weight': 2, 'classifier__max_depth': 4, 'classifier__learning_rate': np.float64(0.03162277660168379), 'classifier__colsample_bytree': np.float64(0.6)}"
200,150,0.4,0.8,0.6692708333333333,0.5520833333333333,0.58,0.6,0.576068376068376,"{'classifier__scale_pos_weight': 1, 'classifier__n_estimators': np.int64(125), 'classifier__min_child_weight': 4, 'classifier__max_depth': 6, 'classifier__learning_rate': np.float64(0.1), 'classifier__colsample_bytree': np.float64(0.5)}"
200,150,0.4,1.0,0.7942708333333334,0.6145833333333333,0.6857142857142857,0.675,0.637070938215103,"{'classifier__scale_pos_weight': 1, 'classifier__n_estimators': np.int64(125), 'classifier__min_child_weight': 4, 'classifier__max_depth': 8, 'classifier__learning_rate': np.float64(0.1), 'classifier__colsample_bytree': np.float64(0.7)}"
200,150,0.4,1.2,0.8671875,0.65625,0.8114285714285714,0.725,0.6786117836965294,"{'classifier__scale_pos_weight': 3, 'classifier__n_estimators': np.int64(625), 'classifier__min_child_weight': 1, 'classifier__max_depth': 6, 'classifier__learning_rate': np.float64(0.1), 'classifier__colsample_bytree': np.float64(0.5)}"
200,150,0.4,1.4,0.8984375,0.7604166666666667,0.8200000000000001,0.8,0.788034188034188,"{'classifier__scale_pos_weight': 3, 'classifier__n_estimators': np.int64(625), 'classifier__min_child_weight': 2, 'classifier__max_depth': 2, 'classifier__learning_rate': np.float64(0.1), 'classifier__colsample_bytree': np.float64(0.7999999999999999)}"
200,300,0.1,0.8,0.625,0.4861111111111111,0.8076923076923077,0.875,0.8400000000000001,"{'classifier__scale_pos_weight': 1, 'classifier__n_estimators': np.int64(625), 'classifier__min_child_weight': 1, 'classifier__max_depth': 9, 'classifier__learning_rate': np.float64(0.1), 'classifier__colsample_bytree': np.float64(0.7999999999999999)}"
200,300,0.1,1.0,0.5555555555555556,0.5,0.8099999999999999,0.9,0.8526315789473683,"{'classifier__scale_pos_weight': 2, 'classifier__n_estimators': np.int64(25), 'classifier__min_child_weight': 1, 'classifier__max_depth': 10, 'classifier__learning_rate': np.float64(0.31622776601683794), 'classifier__colsample_bytree': np.float64(0.6)}"
200,300,0.1,1.2,0.6666666666666666,0.5,0.8099999999999999,0.9,0.8526315789473683,"{'classifier__scale_pos_weight': 3, 'classifier__n_estimators': np.int64(3125), 'classifier__min_child_weight': 1, 'classifier__max_depth': 10, 'classifier__learning_rate': np.float64(1.0), 'classifier__colsample_bytree': np.float64(0.8999999999999999)}"
200,300,0.1,1.4,0.9305555555555556,0.5,0.8099999999999999,0.9,0.8526315789473683,"{'classifier__scale_pos_weight': 4, 'classifier__n_estimators': np.int64(125), 'classifier__min_child_weight': 2, 'classifier__max_depth': 10, 'classifier__learning_rate': np.float64(0.31622776601683794), 'classifier__colsample_bytree': np.float64(0.8999999999999999)}"
200,300,0.2,0.8,0.599609375,0.546875,0.7526315789473684,0.8,0.7485714285714286,"{'classifier__scale_pos_weight': 4, 'classifier__n_estimators': np.int64(5), 'classifier__min_child_weight': 4, 'classifier__max_depth': 2, 'classifier__learning_rate': np.float64(1.0), 'classifier__colsample_bytree': np.float64(0.7)}"
200,300,0.2,1.0,0.80859375,0.5,0.64,0.8,0.711111111111111,"{'classifier__scale_pos_weight': 3, 'classifier__n_estimators': np.int64(5), 'classifier__min_child_weight': 3, 'classifier__max_depth': 4, 'classifier__learning_rate': np.float64(0.03162277660168379), 'classifier__colsample_bytree': np.float64(0.7)}"
200,300,0.2,1.2,0.859375,0.609375,0.8036036036036036,0.825,0.7915678524374177,"{'classifier__scale_pos_weight': 2, 'classifier__n_estimators': np.int64(3125), 'classifier__min_child_weight': 1, 'classifier__max_depth': 6, 'classifier__learning_rate': np.float64(0.31622776601683794), 'classifier__colsample_bytree': np.float64(0.6)}"
200,300,0.2,1.4,0.86328125,0.828125,0.8817204301075268,0.875,0.8776844070961717,"{'classifier__scale_pos_weight': 1, 'classifier__n_estimators': np.int64(625), 'classifier__min_child_weight': 3, 'classifier__max_depth': 10, 'classifier__learning_rate': np.float64(0.31622776601683794), 'classifier__colsample_bytree': np.float64(0.7999999999999999)}"
200,300,0.3,0.8,0.6398809523809523,0.5,0.48999999999999994,0.7,0.5764705882352941,"{'classifier__scale_pos_weight': 1, 'classifier__n_estimators': np.int64(5), 'classifier__min_child_weight': 1, 'classifier__max_depth': 10, 'classifier__learning_rate': np.float64(0.1), 'classifier__colsample_bytree': np.float64(0.5)}"
200,300,0.3,1.0,0.6696428571428571,0.5654761904761905,0.7108108108108108,0.725,0.6615384615384616,"{'classifier__scale_pos_weight': 1, 'classifier__n_estimators': np.int64(125), 'classifier__min_child_weight': 1, 'classifier__max_depth': 4, 'classifier__learning_rate': np.float64(0.03162277660168379), 'classifier__colsample_bytree': np.float64(0.7)}"
200,300,0.3,1.2,0.7053571428571428,0.5238095238095238,0.6473684210526316,0.7,0.6155844155844157,"{'classifier__scale_pos_weight': 1, 'classifier__n_estimators': np.int64(3125), 'classifier__min_child_weight': 2, 'classifier__max_depth': 3, 'classifier__learning_rate': np.float64(0.01), 'classifier__colsample_bytree': np.float64(0.6)}"
200,300,0.3,1.4,0.8095238095238094,0.6071428571428572,0.75,0.75,0.703125,"{'classifier__scale_pos_weight': 2, 'classifier__n_estimators': np.int64(625), 'classifier__min_child_weight': 1, 'classifier__max_depth': 3, 'classifier__learning_rate': np.float64(0.1), 'classifier__colsample_bytree': np.float64(0.6)}"
200,300,0.4,0.8,0.7604166666666667,0.6666666666666667,0.7610389610389611,0.725,0.6929061784897025,"{'classifier__scale_pos_weight': 3, 'classifier__n_estimators': np.int64(125), 'classifier__min_child_weight': 1, 'classifier__max_depth': 6, 'classifier__learning_rate': np.float64(0.31622776601683794), 'classifier__colsample_bytree': np.float64(0.5)}"
200,300,0.4,1.0,0.734375,0.5729166666666667,0.6093189964157706,0.625,0.5963636363636363,"{'classifier__scale_pos_weight': 3, 'classifier__n_estimators': np.int64(625), 'classifier__min_child_weight': 1, 'classifier__max_depth': 9, 'classifier__learning_rate': np.float64(0.31622776601683794), 'classifier__colsample_bytree': np.float64(0.6)}"
200,300,0.4,1.2,0.921875,0.8229166666666667,0.8595238095238095,0.85,0.845054945054945,"{'classifier__scale_pos_weight': 1, 'classifier__n_estimators': np.int64(625), 'classifier__min_child_weight': 2, 'classifier__max_depth': 6, 'classifier__learning_rate': np.float64(0.31622776601683794), 'classifier__colsample_bytree': np.float64(0.7999999999999999)}"
200,300,0.4,1.4,0.9505208333333333,0.8125,0.8800000000000001,0.85,0.841025641025641,"{'classifier__scale_pos_weight': 3, 'classifier__n_estimators': np.int64(625), 'classifier__min_child_weight': 1, 'classifier__max_depth': 3, 'classifier__learning_rate': np.float64(0.01), 'classifier__colsample_bytree': np.float64(0.7999999999999999)}"
200,600,0.1,0.8,0.6319444444444444,0.5,0.8099999999999999,0.9,0.8526315789473683,"{'classifier__scale_pos_weight': 4, 'classifier__n_estimators': np.int64(125), 'classifier__min_child_weight': 1, 'classifier__max_depth': 9, 'classifier__learning_rate': np.float64(0.1), 'classifier__colsample_bytree': np.float64(0.5)}"
200,600,0.1,1.0,0.7916666666666667,0.5,0.8099999999999999,0.9,0.8526315789473683,"{'classifier__scale_pos_weight': 4, 'classifier__n_estimators': np.int64(3125), 'classifier__min_child_weight': 3, 'classifier__max_depth': 8, 'classifier__learning_rate': np.float64(0.1), 'classifier__colsample_bytree': np.float64(0.5)}"
200,600,0.1,1.2,0.7777777777777778,0.5,0.8099999999999999,0.9,0.8526315789473683,"{'classifier__scale_pos_weight': 4, 'classifier__n_estimators': np.int64(625), 'classifier__min_child_weight': 3, 'classifier__max_depth': 10, 'classifier__learning_rate': np.float64(0.01), 'classifier__colsample_bytree': np.float64(0.5)}"
200,600,0.1,1.4,0.7847222222222223,0.625,0.9307692307692308,0.925,0.9040000000000001,"{'classifier__scale_pos_weight': 3, 'classifier__n_estimators': np.int64(625), 'classifier__min_child_weight': 2, 'classifier__max_depth': 3, 'classifier__learning_rate': np.float64(0.31622776601683794), 'classifier__colsample_bytree': np.float64(0.6)}"
200,600,0.2,0.8,0.56640625,0.5,0.64,0.8,0.711111111111111,"{'classifier__scale_pos_weight': 3, 'classifier__n_estimators': np.int64(125), 'classifier__min_child_weight': 4, 'classifier__max_depth': 2, 'classifier__learning_rate': np.float64(0.03162277660168379), 'classifier__colsample_bytree': np.float64(0.7)}"
200,600,0.2,1.0,0.6875,0.5,0.64,0.8,0.711111111111111,"{'classifier__scale_pos_weight': 4, 'classifier__n_estimators': np.int64(625), 'classifier__min_child_weight': 2, 'classifier__max_depth': 9, 'classifier__learning_rate': np.float64(0.03162277660168379), 'classifier__colsample_bytree': np.float64(0.7)}"
200,600,0.2,1.2,0.73828125,0.5,0.64,0.8,0.711111111111111,"{'classifier__scale_pos_weight': 2, 'classifier__n_estimators': np.int64(3125), 'classifier__min_child_weight': 4, 'classifier__max_depth': 10, 'classifier__learning_rate': np.float64(0.31622776601683794), 'classifier__colsample_bytree': np.float64(0.7)}"
200,600,0.2,1.4,0.8359375,0.5,0.64,0.8,0.711111111111111,"{'classifier__scale_pos_weight': 4, 'classifier__n_estimators': np.int64(3125), 'classifier__min_child_weight': 2, 'classifier__max_depth': 3, 'classifier__learning_rate': np.float64(0.03162277660168379), 'classifier__colsample_bytree': np.float64(0.5)}"
200,600,0.3,0.8,0.6101190476190476,0.5,0.48999999999999994,0.7,0.5764705882352941,"{'classifier__scale_pos_weight': 2, 'classifier__n_estimators': np.int64(5), 'classifier__min_child_weight': 1, 'classifier__max_depth': 10, 'classifier__learning_rate': np.float64(0.01), 'classifier__colsample_bytree': np.float64(0.7)}"
200,600,0.3,1.0,0.7053571428571428,0.5416666666666666,0.8025641025641026,0.725,0.6312284730195178,"{'classifier__scale_pos_weight': 4, 'classifier__n_estimators': np.int64(25), 'classifier__min_child_weight': 1, 'classifier__max_depth': 5, 'classifier__learning_rate': np.float64(0.1), 'classifier__colsample_bytree': np.float64(0.5)}"
200,600,0.3,1.2,0.7916666666666667,0.5833333333333334,0.8157894736842106,0.75,0.6796536796536796,"{'classifier__scale_pos_weight': 4, 'classifier__n_estimators': np.int64(625), 'classifier__min_child_weight': 3, 'classifier__max_depth': 9, 'classifier__learning_rate': np.float64(0.1), 'classifier__colsample_bytree': np.float64(0.7)}"
200,600,0.3,1.4,0.7886904761904763,0.6309523809523809,0.7352941176470588,0.75,0.7204301075268817,"{'classifier__scale_pos_weight': 1, 'classifier__n_estimators': np.int64(25), 'classifier__min_child_weight': 2, 'classifier__max_depth': 7, 'classifier__learning_rate': np.float64(0.31622776601683794), 'classifier__colsample_bytree': np.float64(0.6)}"
200,600,0.4,0.8,0.5651041666666666,0.5,0.36,0.6,0.45,"{'classifier__scale_pos_weight': 3, 'classifier__n_estimators': np.int64(25), 'classifier__min_child_weight': 4, 'classifier__max_depth': 8, 'classifier__learning_rate': np.float64(0.01), 'classifier__colsample_bytree': np.float64(0.8999999999999999)}"
200,600,0.4,1.0,0.6666666666666667,0.6354166666666667,0.65,0.65,0.65,"{'classifier__scale_pos_weight': 1, 'classifier__n_estimators': np.int64(3125), 'classifier__min_child_weight': 1, 'classifier__max_depth': 2, 'classifier__learning_rate': np.float64(1.0), 'classifier__colsample_bytree': np.float64(0.7999999999999999)}"
200,600,0.4,1.2,0.8958333333333334,0.7395833333333333,0.7824451410658307,0.775,0.7647798742138365,"{'classifier__scale_pos_weight': 3, 'classifier__n_estimators': np.int64(625), 'classifier__min_child_weight': 1, 'classifier__max_depth': 9, 'classifier__learning_rate': np.float64(0.31622776601683794), 'classifier__colsample_bytree': np.float64(0.7)}"
200,600,0.4,1.4,0.9635416666666666,0.8645833333333333,0.8746666666666666,0.875,0.8742593811718236,"{'classifier__scale_pos_weight': 2, 'classifier__n_estimators': np.int64(125), 'classifier__min_child_weight': 3, 'classifier__max_depth': 6, 'classifier__learning_rate': np.float64(0.1), 'classifier__colsample_bytree': np.float64(0.6)}"
200,1000,0.1,0.8,0.6041666666666666,0.4861111111111111,0.8076923076923077,0.875,0.8400000000000001,"{'classifier__scale_pos_weight': 4, 'classifier__n_estimators': np.int64(3125), 'classifier__min_child_weight': 2, 'classifier__max_depth': 2, 'classifier__learning_rate': np.float64(1.0), 'classifier__colsample_bytree': np.float64(0.7)}"
200,1000,0.1,1.0,0.7569444444444444,0.5,0.8099999999999999,0.9,0.8526315789473683,"{'classifier__scale_pos_weight': 1, 'classifier__n_estimators': np.int64(25), 'classifier__min_child_weight': 2, 'classifier__max_depth': 9, 'classifier__learning_rate': np.float64(0.01), 'classifier__colsample_bytree': np.float64(0.5)}"
200,1000,0.1,1.2,0.6944444444444444,0.5,0.8099999999999999,0.9,0.8526315789473683,"{'classifier__scale_pos_weight': 4, 'classifier__n_estimators': np.int64(3125), 'classifier__min_child_weight': 1, 'classifier__max_depth': 4, 'classifier__learning_rate': np.float64(0.03162277660168379), 'classifier__colsample_bytree': np.float64(0.8999999999999999)}"
200,1000,0.1,1.4,0.6215277777777778,0.5,0.8099999999999999,0.9,0.8526315789473683,"{'classifier__scale_pos_weight': 3, 'classifier__n_estimators': np.int64(5), 'classifier__min_child_weight': 4, 'classifier__max_depth': 3, 'classifier__learning_rate': np.float64(0.31622776601683794), 'classifier__colsample_bytree': np.float64(0.6)}"
200,1000,0.2,0.8,0.765625,0.5,0.64,0.8,0.711111111111111,"{'classifier__scale_pos_weight': 1, 'classifier__n_estimators': np.int64(125), 'classifier__min_child_weight': 1, 'classifier__max_depth': 10, 'classifier__learning_rate': np.float64(0.01), 'classifier__colsample_bytree': np.float64(0.5)}"
200,1000,0.2,1.0,0.82421875,0.5,0.64,0.8,0.711111111111111,"{'classifier__scale_pos_weight': 3, 'classifier__n_estimators': np.int64(125), 'classifier__min_child_weight': 2, 'classifier__max_depth': 5, 'classifier__learning_rate': np.float64(0.01), 'classifier__colsample_bytree': np.float64(0.5)}"
200,1000,0.2,1.2,0.88671875,0.5,0.64,0.8,0.711111111111111,"{'classifier__scale_pos_weight': 2, 'classifier__n_estimators': np.int64(25), 'classifier__min_child_weight': 4, 'classifier__max_depth': 8, 'classifier__learning_rate': np.float64(0.1), 'classifier__colsample_bytree': np.float64(0.5)}"
200,1000,0.2,1.4,0.92578125,0.75,0.9111111111111111,0.9,0.8862745098039216,"{'classifier__scale_pos_weight': 2, 'classifier__n_estimators': np.int64(625), 'classifier__min_child_weight': 1, 'classifier__max_depth': 2, 'classifier__learning_rate': np.float64(0.01), 'classifier__colsample_bytree': np.float64(0.6)}"
200,1000,0.3,0.8,0.6101190476190477,0.48214285714285715,0.48461538461538456,0.675,0.5641791044776119,"{'classifier__scale_pos_weight': 4, 'classifier__n_estimators': np.int64(125), 'classifier__min_child_weight': 4, 'classifier__max_depth': 8, 'classifier__learning_rate': np.float64(0.1), 'classifier__colsample_bytree': np.float64(0.7)}"
200,1000,0.3,1.0,0.7232142857142857,0.5416666666666666,0.8025641025641026,0.725,0.6312284730195178,"{'classifier__scale_pos_weight': 1, 'classifier__n_estimators': np.int64(25), 'classifier__min_child_weight': 2, 'classifier__max_depth': 10, 'classifier__learning_rate': np.float64(0.03162277660168379), 'classifier__colsample_bytree': np.float64(0.7999999999999999)}"
200,1000,0.3,1.2,0.8303571428571428,0.7023809523809523,0.75,0.75,0.75,"{'classifier__scale_pos_weight': 1, 'classifier__n_estimators': np.int64(3125), 'classifier__min_child_weight': 3, 'classifier__max_depth': 9, 'classifier__learning_rate': np.float64(0.03162277660168379), 'classifier__colsample_bytree': np.float64(0.7999999999999999)}"
200,1000,0.3,1.4,0.8333333333333334,0.6488095238095238,0.78,0.775,0.7411764705882353,"{'classifier__scale_pos_weight': 3, 'classifier__n_estimators': np.int64(3125), 'classifier__min_child_weight': 4, 'classifier__max_depth': 8, 'classifier__learning_rate': np.float64(0.31622776601683794), 'classifier__colsample_bytree': np.float64(0.8999999999999999)}"
200,1000,0.4,0.8,0.7447916666666667,0.5833333333333333,0.6549019607843137,0.65,0.6006269592476489,"{'classifier__scale_pos_weight': 2, 'classifier__n_estimators': np.int64(625), 'classifier__min_child_weight': 4, 'classifier__max_depth': 2, 'classifier__learning_rate': np.float64(0.01), 'classifier__colsample_bytree': np.float64(0.6)}"
200,1000,0.4,1.0,0.8229166666666666,0.625,0.6731182795698925,0.675,0.6501818181818182,"{'classifier__scale_pos_weight': 3, 'classifier__n_estimators': np.int64(3125), 'classifier__min_child_weight': 4, 'classifier__max_depth': 2, 'classifier__learning_rate': np.float64(0.1), 'classifier__colsample_bytree': np.float64(0.6)}"
200,1000,0.4,1.2,0.8541666666666667,0.5625,0.7789473684210526,0.65,0.5534050179211469,"{'classifier__scale_pos_weight': 2, 'classifier__n_estimators': np.int64(25), 'classifier__min_child_weight': 4, 'classifier__max_depth': 10, 'classifier__learning_rate': np.float64(0.03162277660168379), 'classifier__colsample_bytree': np.float64(0.7)}"
200,1000,0.4,1.4,0.9505208333333334,0.8541666666666667,0.8803418803418804,0.875,0.8722109533468559,"{'classifier__scale_pos_weight': 3, 'classifier__n_estimators': np.int64(3125), 'classifier__min_child_weight': 3, 'classifier__max_depth': 4, 'classifier__learning_rate': np.float64(0.1), 'classifier__colsample_bytree': np.float64(0.5)}"
500,50,0.1,0.8,0.7277777777777777,0.4888888888888889,0.8081632653061225,0.88,0.8425531914893617,"{'classifier__scale_pos_weight': 2, 'classifier__n_estimators': np.int64(125), 'classifier__min_child_weight': 1, 'classifier__max_depth': 2, 'classifier__learning_rate': np.float64(0.31622776601683794), 'classifier__colsample_bytree': np.float64(0.6)}"
500,50,0.1,1.0,0.7711111111111112,0.5888888888888889,0.875,0.9,0.8801843317972352,"{'classifier__scale_pos_weight': 3, 'classifier__n_estimators': np.int64(125), 'classifier__min_child_weight': 2, 'classifier__max_depth': 10, 'classifier__learning_rate': np.float64(1.0), 'classifier__colsample_bytree': np.float64(0.7)}"
500,50,0.1,1.2,0.8633333333333333,0.6,0.9265306122448981,0.92,0.8950354609929078,"{'classifier__scale_pos_weight': 4, 'classifier__n_estimators': np.int64(125), 'classifier__min_child_weight': 4, 'classifier__max_depth': 8, 'classifier__learning_rate': np.float64(0.31622776601683794), 'classifier__colsample_bytree': np.float64(0.7999999999999999)}"
500,50,0.1,1.4,0.8377777777777777,0.65,0.9350515463917526,0.93,0.9124640065816536,"{'classifier__scale_pos_weight': 3, 'classifier__n_estimators': np.int64(625), 'classifier__min_child_weight': 4, 'classifier__max_depth': 7, 'classifier__learning_rate': np.float64(0.03162277660168379), 'classifier__colsample_bytree': np.float64(0.5)}"
500,50,0.2,0.8,0.789375,0.5375,0.75,0.8,0.7424242424242423,"{'classifier__scale_pos_weight': 4, 'classifier__n_estimators': np.int64(125), 'classifier__min_child_weight': 1, 'classifier__max_depth': 2, 'classifier__learning_rate': np.float64(0.31622776601683794), 'classifier__colsample_bytree': np.float64(0.8999999999999999)}"
500,50,0.2,1.0,0.839375,0.64375,0.8509984639016897,0.85,0.8195247270391779,"{'classifier__scale_pos_weight': 2, 'classifier__n_estimators': np.int64(125), 'classifier__min_child_weight': 1, 'classifier__max_depth': 4, 'classifier__learning_rate': np.float64(0.31622776601683794), 'classifier__colsample_bytree': np.float64(0.6)}"
500,50,0.2,1.2,0.89625,0.65625,0.8244444444444444,0.84,0.8180392156862745,"{'classifier__scale_pos_weight': 1, 'classifier__n_estimators': np.int64(3125), 'classifier__min_child_weight': 2, 'classifier__max_depth': 7, 'classifier__learning_rate': np.float64(0.03162277660168379), 'classifier__colsample_bytree': np.float64(0.6)}"
500,50,0.2,1.4,0.925,0.6125,0.8138248847926267,0.83,0.7954613573110683,"{'classifier__scale_pos_weight': 4, 'classifier__n_estimators': np.int64(3125), 'classifier__min_child_weight': 1, 'classifier__max_depth': 6, 'classifier__learning_rate': np.float64(0.03162277660168379), 'classifier__colsample_bytree': np.float64(0.7999999999999999)}"
500,50,0.3,0.8,0.8523809523809525,0.7023809523809523,0.82,0.81,0.7875268817204301,"{'classifier__scale_pos_weight': 2, 'classifier__n_estimators': np.int64(3125), 'classifier__min_child_weight': 1, 'classifier__max_depth': 10, 'classifier__learning_rate': np.float64(0.01), 'classifier__colsample_bytree': np.float64(0.6)}"
500,50,0.3,1.0,0.9076190476190475,0.7714285714285714,0.8377622377622379,0.84,0.8320166320166321,"{'classifier__scale_pos_weight': 1, 'classifier__n_estimators': np.int64(3125), 'classifier__min_child_weight': 1, 'classifier__max_depth': 5, 'classifier__learning_rate': np.float64(1.0), 'classifier__colsample_bytree': np.float64(0.7)}"
500,50,0.3,1.2,0.9095238095238095,0.7523809523809524,0.8471544715447155,0.84,0.8263157894736842,"{'classifier__scale_pos_weight': 4, 'classifier__n_estimators': np.int64(625), 'classifier__min_child_weight': 1, 'classifier__max_depth': 9, 'classifier__learning_rate': np.float64(0.1), 'classifier__colsample_bytree': np.float64(0.5)}"
500,50,0.3,1.4,0.959047619047619,0.7952380952380953,0.8603729603729603,0.86,0.8530145530145531,"{'classifier__scale_pos_weight': 2, 'classifier__n_estimators': np.int64(3125), 'classifier__min_child_weight': 1, 'classifier__max_depth': 3, 'classifier__learning_rate': np.float64(0.03162277660168379), 'classifier__colsample_bytree': np.float64(0.7999999999999999)}"
500,50,0.4,0.8,0.8354166666666667,0.6416666666666666,0.7208672086720866,0.7,0.6663428848955804,"{'classifier__scale_pos_weight': 3, 'classifier__n_estimators': np.int64(3125), 'classifier__min_child_weight': 4, 'classifier__max_depth': 5, 'classifier__learning_rate': np.float64(0.01), 'classifier__colsample_bytree': np.float64(0.7)}"
500,50,0.4,1.0,0.8033333333333333,0.6583333333333333,0.7224834237492465,0.71,0.6846562094586625,"{'classifier__scale_pos_weight': 4, 'classifier__n_estimators': np.int64(25), 'classifier__min_child_weight': 1, 'classifier__max_depth': 8, 'classifier__learning_rate': np.float64(0.31622776601683794), 'classifier__colsample_bytree': np.float64(0.7)}"
500,50,0.4,1.2,0.8845833333333333,0.7041666666666666,0.766798418972332,0.75,0.7317807901749507,"{'classifier__scale_pos_weight': 1, 'classifier__n_estimators': np.int64(3125), 'classifier__min_child_weight': 1, 'classifier__max_depth': 3, 'classifier__learning_rate': np.float64(0.01), 'classifier__colsample_bytree': np.float64(0.7)}"
500,50,0.4,1.4,0.9079166666666667,0.7416666666666667,0.8290536467751657,0.79,0.7716475999528246,"{'classifier__scale_pos_weight': 4, 'classifier__n_estimators': np.int64(3125), 'classifier__min_child_weight': 1, 'classifier__max_depth': 7, 'classifier__learning_rate': np.float64(0.03162277660168379), 'classifier__colsample_bytree': np.float64(0.7)}"
500,150,0.1,0.8,0.6288888888888889,0.5444444444444445,0.8673469387755103,0.9,0.8687943262411347,"{'classifier__scale_pos_weight': 1, 'classifier__n_estimators': np.int64(3125), 'classifier__min_child_weight': 1, 'classifier__max_depth': 5, 'classifier__learning_rate': np.float64(0.31622776601683794), 'classifier__colsample_bytree': np.float64(0.5)}"
500,150,0.1,1.0,0.8244444444444444,0.5,0.81,0.9,0.8526315789473684,"{'classifier__scale_pos_weight': 3, 'classifier__n_estimators': np.int64(625), 'classifier__min_child_weight': 4, 'classifier__max_depth': 9, 'classifier__learning_rate': np.float64(0.01), 'classifier__colsample_bytree': np.float64(0.6)}"
500,150,0.1,1.2,0.88,0.6944444444444444,0.9231578947368422,0.93,0.9192792792792792,"{'classifier__scale_pos_weight': 1, 'classifier__n_estimators': np.int64(625), 'classifier__min_child_weight': 3, 'classifier__max_depth': 6, 'classifier__learning_rate': np.float64(0.03162277660168379), 'classifier__colsample_bytree': np.float64(0.7999999999999999)}"
500,150,0.1,1.4,0.9133333333333333,0.6,0.9265306122448981,0.92,0.8950354609929078,"{'classifier__scale_pos_weight': 1, 'classifier__n_estimators': np.int64(125), 'classifier__min_child_weight': 1, 'classifier__max_depth': 9, 'classifier__learning_rate': np.float64(0.1), 'classifier__colsample_bytree': np.float64(0.6)}"
500,150,0.2,0.8,0.814375,0.525,0.8464646464646465,0.81,0.7341314179303005,"{'classifier__scale_pos_weight': 3, 'classifier__n_estimators': np.int64(625), 'classifier__min_child_weight': 3, 'classifier__max_depth': 6, 'classifier__learning_rate': np.float64(0.01), 'classifier__colsample_bytree': np.float64(0.6)}"
500,150,0.2,1.0,0.8575,0.575,0.8597938144329896,0.83,0.7753377548513879,"{'classifier__scale_pos_weight': 4, 'classifier__n_estimators': np.int64(625), 'classifier__min_child_weight': 1, 'classifier__max_depth': 6, 'classifier__learning_rate': np.float64(0.1), 'classifier__colsample_bytree': np.float64(0.6)}"
500,150,0.2,1.2,0.896875,0.66875,0.8619565217391305,0.86,0.8348837209302326,"{'classifier__scale_pos_weight': 3, 'classifier__n_estimators': np.int64(3125), 'classifier__min_child_weight': 2, 'classifier__max_depth': 4, 'classifier__learning_rate': np.float64(0.31622776601683794), 'classifier__colsample_bytree': np.float64(0.7)}"
500,150,0.2,1.4,0.93875,0.66875,0.8619565217391305,0.86,0.8348837209302326,"{'classifier__scale_pos_weight': 2, 'classifier__n_estimators': np.int64(625), 'classifier__min_child_weight': 3, 'classifier__max_depth': 4, 'classifier__learning_rate': np.float64(0.01), 'classifier__colsample_bytree': np.float64(0.7999999999999999)}"
500,150,0.3,0.8,0.789047619047619,0.611904761904762,0.7451481103166496,0.75,0.7070102776499464,"{'classifier__scale_pos_weight': 4, 'classifier__n_estimators': np.int64(3125), 'classifier__min_child_weight': 1, 'classifier__max_depth': 7, 'classifier__learning_rate': np.float64(0.01), 'classifier__colsample_bytree': np.float64(0.5)}"
500,150,0.3,1.0,0.7752380952380953,0.669047619047619,0.800972590627763,0.79,0.7598577988446157,"{'classifier__scale_pos_weight': 4, 'classifier__n_estimators': np.int64(625), 'classifier__min_child_weight': 3, 'classifier__max_depth': 5, 'classifier__learning_rate': np.float64(0.31622776601683794), 'classifier__colsample_bytree': np.float64(0.8999999999999999)}"
500,150,0.3,1.2,0.8733333333333333,0.6857142857142857,0.8106312292358804,0.8,0.773892773892774,"{'classifier__scale_pos_weight': 3, 'classifier__n_estimators': np.int64(3125), 'classifier__min_child_weight': 3, 'classifier__max_depth': 7, 'classifier__learning_rate': np.float64(0.01), 'classifier__colsample_bytree': np.float64(0.5)}"
500,150,0.3,1.4,0.8909523809523809,0.7119047619047619,0.8121190644932672,0.81,0.7917952996801557,"{'classifier__scale_pos_weight': 2, 'classifier__n_estimators': np.int64(625), 'classifier__min_child_weight': 2, 'classifier__max_depth': 6, 'classifier__learning_rate': np.float64(0.1), 'classifier__colsample_bytree': np.float64(0.5)}"
500,150,0.4,0.8,0.8949138293400589,0.7400168137873055,0.8159557109557111,0.79,0.7735794315367379,"{'classifier__scale_pos_weight': 3, 'classifier__n_estimators': np.int64(625), 'classifier__min_child_weight': 4, 'classifier__max_depth': 5, 'classifier__learning_rate': np.float64(0.03162277660168379), 'classifier__colsample_bytree': np.float64(0.7999999999999999)}"
500,150,0.4,1.0,0.9319041614123581,0.7784783522488441,0.8386666666666668,0.82,0.809577205882353,"{'classifier__scale_pos_weight': 4, 'classifier__n_estimators': np.int64(3125), 'classifier__min_child_weight': 1, 'classifier__max_depth': 3, 'classifier__learning_rate': np.float64(0.03162277660168379), 'classifier__colsample_bytree': np.float64(0.7)}"
500,150,0.4,1.2,0.949978982765868,0.7994955863808323,0.8624,0.84,0.8307352941176469,"{'classifier__scale_pos_weight': 4, 'classifier__n_estimators': np.int64(125), 'classifier__min_child_weight': 2, 'classifier__max_depth': 5, 'classifier__learning_rate': np.float64(0.1), 'classifier__colsample_bytree': np.float64(0.7)}"
500,150,0.4,1.4,0.9823455233291298,0.858974358974359,0.9068055555555555,0.89,0.8855190214341824,"{'classifier__scale_pos_weight': 3, 'classifier__n_estimators': np.int64(3125), 'classifier__min_child_weight': 4, 'classifier__max_depth': 6, 'classifier__learning_rate': np.float64(0.01), 'classifier__colsample_bytree': np.float64(0.8999999999999999)}"
500,300,0.1,0.8,0.5177777777777778,0.5,0.81,0.9,0.8526315789473684,"{'classifier__scale_pos_weight': 4, 'classifier__n_estimators': np.int64(25), 'classifier__min_child_weight': 3, 'classifier__max_depth': 2, 'classifier__learning_rate': np.float64(1.0), 'classifier__colsample_bytree': np.float64(0.6)}"
500,300,0.1,1.0,0.6922222222222222,0.5,0.81,0.9,0.8526315789473684,"{'classifier__scale_pos_weight': 1, 'classifier__n_estimators': np.int64(625), 'classifier__min_child_weight': 4, 'classifier__max_depth': 9, 'classifier__learning_rate': np.float64(0.31622776601683794), 'classifier__colsample_bytree': np.float64(0.7)}"
500,300,0.1,1.2,0.8455555555555556,0.55,0.9181818181818181,0.91,0.8753246753246752,"{'classifier__scale_pos_weight': 2, 'classifier__n_estimators': np.int64(3125), 'classifier__min_child_weight': 2, 'classifier__max_depth': 2, 'classifier__learning_rate': np.float64(0.1), 'classifier__colsample_bytree': np.float64(0.8999999999999999)}"
500,300,0.1,1.4,0.9622222222222222,0.55,0.9181818181818181,0.91,0.8753246753246752,"{'classifier__scale_pos_weight': 4, 'classifier__n_estimators': np.int64(625), 'classifier__min_child_weight': 2, 'classifier__max_depth': 2, 'classifier__learning_rate': np.float64(0.01), 'classifier__colsample_bytree': np.float64(0.8999999999999999)}"
500,300,0.2,0.8,0.810625,0.55,0.8530612244897959,0.82,0.7554647599591421,"{'classifier__scale_pos_weight': 4, 'classifier__n_estimators': np.int64(3125), 'classifier__min_child_weight': 1, 'classifier__max_depth': 5, 'classifier__learning_rate': np.float64(0.1), 'classifier__colsample_bytree': np.float64(0.8999999999999999)}"
500,300,0.2,1.0,0.9293750000000001,0.525,0.8464646464646465,0.81,0.7341314179303005,"{'classifier__scale_pos_weight': 4, 'classifier__n_estimators': np.int64(125), 'classifier__min_child_weight': 3, 'classifier__max_depth': 8, 'classifier__learning_rate': np.float64(0.03162277660168379), 'classifier__colsample_bytree': np.float64(0.5)}"
500,300,0.2,1.2,0.91875,0.525,0.8464646464646465,0.81,0.7341314179303005,"{'classifier__scale_pos_weight': 1, 'classifier__n_estimators': np.int64(125), 'classifier__min_child_weight': 2, 'classifier__max_depth': 7, 'classifier__learning_rate': np.float64(0.01), 'classifier__colsample_bytree': np.float64(0.5)}"
500,300,0.2,1.4,0.949375,0.74375,0.8919305413687436,0.89,0.8769612521473564,"{'classifier__scale_pos_weight': 1, 'classifier__n_estimators': np.int64(625), 'classifier__min_child_weight': 3, 'classifier__max_depth': 6, 'classifier__learning_rate': np.float64(0.01), 'classifier__colsample_bytree': np.float64(0.8999999999999999)}"
500,300,0.3,0.8,0.8076190476190476,0.6714285714285715,0.775,0.78,0.7565217391304349,"{'classifier__scale_pos_weight': 1, 'classifier__n_estimators': np.int64(625), 'classifier__min_child_weight': 3, 'classifier__max_depth': 3, 'classifier__learning_rate': np.float64(0.01), 'classifier__colsample_bytree': np.float64(0.6)}"
500,300,0.3,1.0,0.8933333333333333,0.6738095238095239,0.7583495776478233,0.77,0.7525611569130963,"{'classifier__scale_pos_weight': 2, 'classifier__n_estimators': np.int64(625), 'classifier__min_child_weight': 1, 'classifier__max_depth': 3, 'classifier__learning_rate': np.float64(0.1), 'classifier__colsample_bytree': np.float64(0.6)}"
500,300,0.3,1.2,0.9319047619047619,0.8071428571428572,0.8470319634703196,0.85,0.8476260581523739,"{'classifier__scale_pos_weight': 1, 'classifier__n_estimators': np.int64(3125), 'classifier__min_child_weight': 2, 'classifier__max_depth': 3, 'classifier__learning_rate': np.float64(0.1), 'classifier__colsample_bytree': np.float64(0.8999999999999999)}"
500,300,0.3,1.4,0.959047619047619,0.7523809523809524,0.8471544715447155,0.84,0.8263157894736842,"{'classifier__scale_pos_weight': 4, 'classifier__n_estimators': np.int64(3125), 'classifier__min_child_weight': 1, 'classifier__max_depth': 9, 'classifier__learning_rate': np.float64(0.31622776601683794), 'classifier__colsample_bytree': np.float64(0.5)}"
500,300,0.4,0.8,0.8529166666666667,0.7041666666666666,0.7416666666666667,0.74,0.7288770053475936,"{'classifier__scale_pos_weight': 3, 'classifier__n_estimators': np.int64(3125), 'classifier__min_child_weight': 1, 'classifier__max_depth': 9, 'classifier__learning_rate': np.float64(0.31622776601683794), 'classifier__colsample_bytree': np.float64(0.6)}"
500,300,0.4,1.0,0.9070833333333332,0.7666666666666666,0.8095238095238095,0.8,0.7914438502673797,"{'classifier__scale_pos_weight': 2, 'classifier__n_estimators': np.int64(125), 'classifier__min_child_weight': 1, 'classifier__max_depth': 6, 'classifier__learning_rate': np.float64(0.1), 'classifier__colsample_bytree': np.float64(0.5)}"
500,300,0.4,1.2,0.9295833333333333,0.7708333333333333,0.8047619047619048,0.8,0.7934065934065935,"{'classifier__scale_pos_weight': 4, 'classifier__n_estimators': np.int64(625), 'classifier__min_child_weight': 2, 'classifier__max_depth': 3, 'classifier__learning_rate': np.float64(0.1), 'classifier__colsample_bytree': np.float64(0.6)}"
500,300,0.4,1.4,0.94625,0.8291666666666666,0.8530076888285842,0.85,0.8469420774457987,"{'classifier__scale_pos_weight': 4, 'classifier__n_estimators': np.int64(125), 'classifier__min_child_weight': 1, 'classifier__max_depth': 2, 'classifier__learning_rate': np.float64(0.31622776601683794), 'classifier__colsample_bytree': np.float64(0.7999999999999999)}"
500,600,0.1,0.8,0.6922222222222222,0.5,0.81,0.9,0.8526315789473684,"{'classifier__scale_pos_weight': 3, 'classifier__n_estimators': np.int64(125), 'classifier__min_child_weight': 4, 'classifier__max_depth': 10, 'classifier__learning_rate': np.float64(0.03162277660168379), 'classifier__colsample_bytree': np.float64(0.5)}"
500,600,0.1,1.0,0.758888888888889,0.55,0.9181818181818181,0.91,0.8753246753246752,"{'classifier__scale_pos_weight': 3, 'classifier__n_estimators': np.int64(3125), 'classifier__min_child_weight': 3, 'classifier__max_depth': 3, 'classifier__learning_rate': np.float64(0.1), 'classifier__colsample_bytree': np.float64(0.7)}"
500,600,0.1,1.2,0.788888888888889,0.55,0.9181818181818181,0.91,0.8753246753246752,"{'classifier__scale_pos_weight': 4, 'classifier__n_estimators': np.int64(125), 'classifier__min_child_weight': 2, 'classifier__max_depth': 10, 'classifier__learning_rate': np.float64(0.1), 'classifier__colsample_bytree': np.float64(0.7)}"
500,600,0.1,1.4,0.8544444444444445,0.55,0.9181818181818181,0.91,0.8753246753246752,"{'classifier__scale_pos_weight': 4, 'classifier__n_estimators': np.int64(625), 'classifier__min_child_weight': 1, 'classifier__max_depth': 10, 'classifier__learning_rate': np.float64(0.01), 'classifier__colsample_bytree': np.float64(0.5)}"
500,600,0.2,0.8,0.81375,0.5,0.64,0.8,0.7111111111111111,"{'classifier__scale_pos_weight': 2, 'classifier__n_estimators': np.int64(125), 'classifier__min_child_weight': 2, 'classifier__max_depth': 4, 'classifier__learning_rate': np.float64(0.03162277660168379), 'classifier__colsample_bytree': np.float64(0.8999999999999999)}"
500,600,0.2,1.0,0.8624999999999999,0.55,0.8530612244897959,0.82,0.7554647599591421,"{'classifier__scale_pos_weight': 3, 'classifier__n_estimators': np.int64(625), 'classifier__min_child_weight': 4, 'classifier__max_depth': 10, 'classifier__learning_rate': np.float64(0.01), 'classifier__colsample_bytree': np.float64(0.6)}"
500,600,0.2,1.2,0.8999999999999999,0.51875,0.7448979591836735,0.8,0.7282941777323799,"{'classifier__scale_pos_weight': 4, 'classifier__n_estimators': np.int64(125), 'classifier__min_child_weight': 3, 'classifier__max_depth': 2, 'classifier__learning_rate': np.float64(0.03162277660168379), 'classifier__colsample_bytree': np.float64(0.8999999999999999)}"
500,600,0.2,1.4,0.946875,0.64375,0.8509984639016897,0.85,0.8195247270391779,"{'classifier__scale_pos_weight': 2, 'classifier__n_estimators': np.int64(625), 'classifier__min_child_weight': 1, 'classifier__max_depth': 3, 'classifier__learning_rate': np.float64(0.01), 'classifier__colsample_bytree': np.float64(0.7)}"
500,600,0.3,0.8,0.910952380952381,0.5666666666666667,0.8104166666666666,0.74,0.6609496810772503,"{'classifier__scale_pos_weight': 4, 'classifier__n_estimators': np.int64(125), 'classifier__min_child_weight': 1, 'classifier__max_depth': 8, 'classifier__learning_rate': np.float64(0.03162277660168379), 'classifier__colsample_bytree': np.float64(0.7)}"
500,600,0.3,1.0,0.8809523809523809,0.6428571428571429,0.8066666666666668,0.78,0.73875,"{'classifier__scale_pos_weight': 4, 'classifier__n_estimators': np.int64(125), 'classifier__min_child_weight': 4, 'classifier__max_depth': 5, 'classifier__learning_rate': np.float64(0.31622776601683794), 'classifier__colsample_bytree': np.float64(0.5)}"
500,600,0.3,1.2,0.9642857142857143,0.6666666666666666,0.8444444444444444,0.8,0.7625,"{'classifier__scale_pos_weight': 3, 'classifier__n_estimators': np.int64(625), 'classifier__min_child_weight': 1, 'classifier__max_depth': 4, 'classifier__learning_rate': np.float64(0.01), 'classifier__colsample_bytree': np.float64(0.5)}"
500,600,0.3,1.4,0.9147619047619048,0.7,0.8568181818181819,0.82,0.7916817359855334,"{'classifier__scale_pos_weight': 4, 'classifier__n_estimators': np.int64(3125), 'classifier__min_child_weight': 3, 'classifier__max_depth': 4, 'classifier__learning_rate': np.float64(0.31622776601683794), 'classifier__colsample_bytree': np.float64(0.5)}"
500,600,0.4,0.8,0.8754166666666667,0.7208333333333333,0.802411091018686,0.77,0.7498997523292842,"{'classifier__scale_pos_weight': 3, 'classifier__n_estimators': np.int64(625), 'classifier__min_child_weight': 2, 'classifier__max_depth': 8, 'classifier__learning_rate': np.float64(0.01), 'classifier__colsample_bytree': np.float64(0.5)}"
500,600,0.4,1.0,0.90375,0.7833333333333333,0.8395010395010395,0.82,0.8103120759837178,"{'classifier__scale_pos_weight': 2, 'classifier__n_estimators': np.int64(625), 'classifier__min_child_weight': 1, 'classifier__max_depth': 9, 'classifier__learning_rate': np.float64(0.03162277660168379), 'classifier__colsample_bytree': np.float64(0.5)}"
500,600,0.4,1.2,0.9170833333333334,0.7583333333333333,0.8245614035087719,0.8,0.7867647058823529,"{'classifier__scale_pos_weight': 3, 'classifier__n_estimators': np.int64(125), 'classifier__min_child_weight': 4, 'classifier__max_depth': 6, 'classifier__learning_rate': np.float64(0.1), 'classifier__colsample_bytree': np.float64(0.7)}"
500,600,0.4,1.4,0.9466666666666667,0.8333333333333333,0.8704761904761905,0.86,0.8553846153846155,"{'classifier__scale_pos_weight': 3, 'classifier__n_estimators': np.int64(625), 'classifier__min_child_weight': 4, 'classifier__max_depth': 9, 'classifier__learning_rate': np.float64(0.03162277660168379), 'classifier__colsample_bytree': np.float64(0.8999999999999999)}"
500,1000,0.1,0.8,0.6966666666666667,0.5,0.81,0.9,0.8526315789473684,"{'classifier__scale_pos_weight': 1, 'classifier__n_estimators': np.int64(3125), 'classifier__min_child_weight': 3, 'classifier__max_depth': 10, 'classifier__learning_rate': np.float64(0.01), 'classifier__colsample_bytree': np.float64(0.6)}"
500,1000,0.1,1.0,0.7744444444444445,0.55,0.9181818181818181,0.91,0.8753246753246752,"{'classifier__scale_pos_weight': 2, 'classifier__n_estimators': np.int64(3125), 'classifier__min_child_weight': 2, 'classifier__max_depth': 5, 'classifier__learning_rate': np.float64(0.01), 'classifier__colsample_bytree': np.float64(0.7999999999999999)}"
500,1000,0.1,1.2,0.8411111111111111,0.55,0.9181818181818181,0.91,0.8753246753246752,"{'classifier__scale_pos_weight': 2, 'classifier__n_estimators': np.int64(625), 'classifier__min_child_weight': 2, 'classifier__max_depth': 7, 'classifier__learning_rate': np.float64(0.31622776601683794), 'classifier__colsample_bytree': np.float64(0.7999999999999999)}"
500,1000,0.1,1.4,0.9333333333333333,0.7,0.94375,0.94,0.9281105990783409,"{'classifier__scale_pos_weight': 2, 'classifier__n_estimators': np.int64(125), 'classifier__min_child_weight': 3, 'classifier__max_depth': 7, 'classifier__learning_rate': np.float64(0.1), 'classifier__colsample_bytree': np.float64(0.6)}"
500,1000,0.2,0.8,0.87375,0.6,0.8666666666666667,0.84,0.793939393939394,"{'classifier__scale_pos_weight': 1, 'classifier__n_estimators': np.int64(25), 'classifier__min_child_weight': 1, 'classifier__max_depth': 9, 'classifier__learning_rate': np.float64(0.1), 'classifier__colsample_bytree': np.float64(0.6)}"
500,1000,0.2,1.0,0.950625,0.625,0.8736842105263157,0.85,0.8114285714285714,"{'classifier__scale_pos_weight': 3, 'classifier__n_estimators': np.int64(625), 'classifier__min_child_weight': 1, 'classifier__max_depth': 9, 'classifier__learning_rate': np.float64(0.01), 'classifier__colsample_bytree': np.float64(0.6)}"
500,1000,0.2,1.2,0.9587500000000001,0.7,0.8956521739130434,0.88,0.8584717607973422,"{'classifier__scale_pos_weight': 1, 'classifier__n_estimators': np.int64(125), 'classifier__min_child_weight': 1, 'classifier__max_depth': 9, 'classifier__learning_rate': np.float64(0.03162277660168379), 'classifier__colsample_bytree': np.float64(0.7)}"
500,1000,0.2,1.4,0.970625,0.625,0.8736842105263157,0.85,0.8114285714285714,"{'classifier__scale_pos_weight': 3, 'classifier__n_estimators': np.int64(125), 'classifier__min_child_weight': 3, 'classifier__max_depth': 10, 'classifier__learning_rate': np.float64(0.03162277660168379), 'classifier__colsample_bytree': np.float64(0.5)}"
500,1000,0.3,0.8,0.7914285714285714,0.6547619047619048,0.7635294117647058,0.77,0.7427956989247312,"{'classifier__scale_pos_weight': 2, 'classifier__n_estimators': np.int64(3125), 'classifier__min_child_weight': 2, 'classifier__max_depth': 5, 'classifier__learning_rate': np.float64(0.1), 'classifier__colsample_bytree': np.float64(0.7999999999999999)}"
500,1000,0.3,1.0,0.8714285714285714,0.6452380952380953,0.7698496905393456,0.77,0.7369871130202934,"{'classifier__scale_pos_weight': 3, 'classifier__n_estimators': np.int64(625), 'classifier__min_child_weight': 3, 'classifier__max_depth': 8, 'classifier__learning_rate': np.float64(0.01), 'classifier__colsample_bytree': np.float64(0.5)}"
500,1000,0.3,1.2,0.8790476190476191,0.6619047619047619,0.781063122923588,0.78,0.7512820512820513,"{'classifier__scale_pos_weight': 4, 'classifier__n_estimators': np.int64(125), 'classifier__min_child_weight': 2, 'classifier__max_depth': 5, 'classifier__learning_rate': np.float64(0.03162277660168379), 'classifier__colsample_bytree': np.float64(0.5)}"
500,1000,0.3,1.4,0.9319047619047619,0.7952380952380953,0.8603729603729603,0.86,0.8530145530145531,"{'classifier__scale_pos_weight': 3, 'classifier__n_estimators': np.int64(125), 'classifier__min_child_weight': 2, 'classifier__max_depth': 8, 'classifier__learning_rate': np.float64(0.1), 'classifier__colsample_bytree': np.float64(0.5)}"
500,1000,0.4,0.8,0.8383333333333334,0.6416666666666666,0.7761273209549071,0.71,0.6627647285329226,"{'classifier__scale_pos_weight': 4, 'classifier__n_estimators': np.int64(125), 'classifier__min_child_weight': 1, 'classifier__max_depth': 9, 'classifier__learning_rate': np.float64(0.03162277660168379), 'classifier__colsample_bytree': np.float64(0.7999999999999999)}"
500,1000,0.4,1.0,0.8925,0.7083333333333334,0.795,0.76,0.7371428571428572,"{'classifier__scale_pos_weight': 4, 'classifier__n_estimators': np.int64(125), 'classifier__min_child_weight': 3, 'classifier__max_depth': 9, 'classifier__learning_rate': np.float64(0.03162277660168379), 'classifier__colsample_bytree': np.float64(0.5)}"
500,1000,0.4,1.2,0.9287500000000001,0.7583333333333333,0.7958232151529869,0.79,0.7820776634583472,"{'classifier__scale_pos_weight': 4, 'classifier__n_estimators': np.int64(125), 'classifier__min_child_weight': 3, 'classifier__max_depth': 6, 'classifier__learning_rate': np.float64(0.1), 'classifier__colsample_bytree': np.float64(0.7)}"
500,1000,0.4,1.4,0.9370833333333333,0.7916666666666667,0.8266666666666667,0.82,0.814065934065934,"{'classifier__scale_pos_weight': 2, 'classifier__n_estimators': np.int64(125), 'classifier__min_child_weight': 4, 'classifier__max_depth': 5, 'classifier__learning_rate': np.float64(0.03162277660168379), 'classifier__colsample_bytree': np.float64(0.5)}"
1000,50,0.1,0.8,0.888268156424581,0.5476190476190477,0.9141161616161617,0.905,0.8681547687694614,"{'classifier__scale_pos_weight': 3, 'classifier__n_estimators': np.int64(625), 'classifier__min_child_weight': 1, 'classifier__max_depth': 7, 'classifier__learning_rate': np.float64(0.03162277660168379), 'classifier__colsample_bytree': np.float64(0.7999999999999999)}"
1000,50,0.1,1.0,0.9162011173184357,0.5476190476190477,0.9141161616161617,0.905,0.8681547687694614,"{'classifier__scale_pos_weight': 4, 'classifier__n_estimators': np.int64(125), 'classifier__min_child_weight': 3, 'classifier__max_depth': 4, 'classifier__learning_rate': np.float64(0.1), 'classifier__colsample_bytree': np.float64(0.7)}"
1000,50,0.1,1.2,0.9531790369779196,0.6190476190476191,0.9265641025641025,0.92,0.8970958453311394,"{'classifier__scale_pos_weight': 4, 'classifier__n_estimators': np.int64(625), 'classifier__min_child_weight': 2, 'classifier__max_depth': 6, 'classifier__learning_rate': np.float64(0.1), 'classifier__colsample_bytree': np.float64(0.6)}"
1000,50,0.1,1.4,0.977121574886938,0.6428571428571428,0.930798969072165,0.925,0.9056747095621092,"{'classifier__scale_pos_weight': 4, 'classifier__n_estimators': np.int64(125), 'classifier__min_child_weight': 1, 'classifier__max_depth': 4, 'classifier__learning_rate': np.float64(0.1), 'classifier__colsample_bytree': np.float64(0.7)}"
1000,50,0.2,0.8,0.954287467402976,0.7560975609756098,0.9111731843575419,0.9,0.8868295476235923,"{'classifier__scale_pos_weight': 3, 'classifier__n_estimators': np.int64(3125), 'classifier__min_child_weight': 1, 'classifier__max_depth': 5, 'classifier__learning_rate': np.float64(0.01), 'classifier__colsample_bytree': np.float64(0.7)}"
1000,50,0.2,1.0,0.967479674796748,0.8229789845068263,0.9207743496672717,0.92,0.9145974025974026,"{'classifier__scale_pos_weight': 2, 'classifier__n_estimators': np.int64(625), 'classifier__min_child_weight': 2, 'classifier__max_depth': 4, 'classifier__learning_rate': np.float64(0.1), 'classifier__colsample_bytree': np.float64(0.6)}"
1000,50,0.2,1.2,0.977143733701488,0.8473692284092652,0.9303244894063752,0.93,0.9262059620596206,"{'classifier__scale_pos_weight': 4, 'classifier__n_estimators': np.int64(625), 'classifier__min_child_weight': 4, 'classifier__max_depth': 3, 'classifier__learning_rate': np.float64(0.03162277660168379), 'classifier__colsample_bytree': np.float64(0.6)}"
1000,50,0.2,1.4,0.9840466329191594,0.9358797361558522,0.9700729563919748,0.97,0.9694171046344958,"{'classifier__scale_pos_weight': 2, 'classifier__n_estimators': np.int64(3125), 'classifier__min_child_weight': 2, 'classifier__max_depth': 4, 'classifier__learning_rate': np.float64(0.01), 'classifier__colsample_bytree': np.float64(0.6)}"
1000,50,0.3,0.8,0.94397924283524,0.7469041160514212,0.8566648521139539,0.84,0.823490474203866,"{'classifier__scale_pos_weight': 4, 'classifier__n_estimators': np.int64(625), 'classifier__min_child_weight': 3, 'classifier__max_depth': 4, 'classifier__learning_rate': np.float64(0.03162277660168379), 'classifier__colsample_bytree': np.float64(0.7999999999999999)}"
1000,50,0.3,1.0,0.9593112395329638,0.8626606911192357,0.9061000000000001,0.905,0.9021007512703014,"{'classifier__scale_pos_weight': 1, 'classifier__n_estimators': np.int64(3125), 'classifier__min_child_weight': 2, 'classifier__max_depth': 3, 'classifier__learning_rate': np.float64(0.01), 'classifier__colsample_bytree': np.float64(0.7)}"
1000,50,0.3,1.2,0.9740535440500059,0.8360655737704918,0.9125786163522014,0.9,0.893551783129359,"{'classifier__scale_pos_weight': 4, 'classifier__n_estimators': np.int64(125), 'classifier__min_child_weight': 1, 'classifier__max_depth': 10, 'classifier__learning_rate': np.float64(0.31622776601683794), 'classifier__colsample_bytree': np.float64(0.7999999999999999)}"
1000,50,0.3,1.4,0.987026772025003,0.9118410189880881,0.9347767857142857,0.935,0.9341853160581075,"{'classifier__scale_pos_weight': 1, 'classifier__n_estimators': np.int64(125), 'classifier__min_child_weight': 3, 'classifier__max_depth': 8, 'classifier__learning_rate': np.float64(0.1), 'classifier__colsample_bytree': np.float64(0.6)}"
1000,50,0.4,0.8,0.9429401390185703,0.8592177611785454,0.8698400000000001,0.87,0.8690983606557378,"{'classifier__scale_pos_weight': 1, 'classifier__n_estimators': np.int64(125), 'classifier__min_child_weight': 1, 'classifier__max_depth': 5, 'classifier__learning_rate': np.float64(0.31622776601683794), 'classifier__colsample_bytree': np.float64(0.8999999999999999)}"
1000,50,0.4,1.0,0.9482311443095757,0.8451602863367569,0.8699355495251018,0.865,0.862114221182544,"{'classifier__scale_pos_weight': 4, 'classifier__n_estimators': np.int64(3125), 'classifier__min_child_weight': 2, 'classifier__max_depth': 2, 'classifier__learning_rate': np.float64(0.03162277660168379), 'classifier__colsample_bytree': np.float64(0.8999999999999999)}"
1000,50,0.4,1.2,0.9742711899574645,0.8984853200539475,0.9048139974779319,0.905,0.9046950598919595,"{'classifier__scale_pos_weight': 1, 'classifier__n_estimators': np.int64(125), 'classifier__min_child_weight': 2, 'classifier__max_depth': 7, 'classifier__learning_rate': np.float64(0.1), 'classifier__colsample_bytree': np.float64(0.7999999999999999)}"
1000,50,0.4,1.4,0.9775910364145659,0.9093785662413114,0.9309380570409982,0.925,0.9236704189951603,"{'classifier__scale_pos_weight': 4, 'classifier__n_estimators': np.int64(125), 'classifier__min_child_weight': 3, 'classifier__max_depth': 3, 'classifier__learning_rate': np.float64(0.1), 'classifier__colsample_bytree': np.float64(0.6)}"
1000,150,0.1,0.8,0.7669592976855546,0.5476190476190477,0.9141161616161617,0.905,0.8681547687694614,"{'classifier__scale_pos_weight': 3, 'classifier__n_estimators': np.int64(3125), 'classifier__min_child_weight': 1, 'classifier__max_depth': 2, 'classifier__learning_rate': np.float64(0.01), 'classifier__colsample_bytree': np.float64(0.5)}"
1000,150,0.1,1.0,0.8842777334397446,0.6400638467677573,0.915440414507772,0.92,0.9015053763440861,"{'classifier__scale_pos_weight': 1, 'classifier__n_estimators': np.int64(125), 'classifier__min_child_weight': 2, 'classifier__max_depth': 4, 'classifier__learning_rate': np.float64(0.1), 'classifier__colsample_bytree': np.float64(0.7)}"
1000,150,0.1,1.2,0.9303006118648576,0.7591114658153764,0.9436436170212765,0.945,0.938174386920981,"{'classifier__scale_pos_weight': 1, 'classifier__n_estimators': np.int64(3125), 'classifier__min_child_weight': 3, 'classifier__max_depth': 6, 'classifier__learning_rate': np.float64(0.01), 'classifier__colsample_bytree': np.float64(0.7)}"
1000,150,0.1,1.4,0.9396115988294759,0.6610800744878957,0.9110645724258291,0.92,0.9052972972972974,"{'classifier__scale_pos_weight': 2, 'classifier__n_estimators': np.int64(625), 'classifier__min_child_weight': 2, 'classifier__max_depth': 4, 'classifier__learning_rate': np.float64(0.31622776601683794), 'classifier__colsample_bytree': np.float64(0.5)}"
1000,150,0.2,0.8,0.9323515876668201,0.5975609756097561,0.863359375,0.835,0.7871951857666143,"{'classifier__scale_pos_weight': 2, 'classifier__n_estimators': np.int64(125), 'classifier__min_child_weight': 4, 'classifier__max_depth': 4, 'classifier__learning_rate': np.float64(0.03162277660168379), 'classifier__colsample_bytree': np.float64(0.5)}"
1000,150,0.2,1.0,0.9707010277649947,0.7285626629851204,0.8925833333333333,0.885,0.8687668649354419,"{'classifier__scale_pos_weight': 3, 'classifier__n_estimators': np.int64(625), 'classifier__min_child_weight': 3, 'classifier__max_depth': 4, 'classifier__learning_rate': np.float64(0.03162277660168379), 'classifier__colsample_bytree': np.float64(0.5)}"
1000,150,0.2,1.2,0.9763767448995245,0.8076392084675563,0.9090562613430128,0.91,0.9039220779220778,"{'classifier__scale_pos_weight': 2, 'classifier__n_estimators': np.int64(125), 'classifier__min_child_weight': 2, 'classifier__max_depth': 3, 'classifier__learning_rate': np.float64(0.1), 'classifier__colsample_bytree': np.float64(0.7)}"
1000,150,0.2,1.4,0.9855806105230863,0.862709004448535,0.9416415346440161,0.94,0.9367479674796749,"{'classifier__scale_pos_weight': 2, 'classifier__n_estimators': np.int64(3125), 'classifier__min_child_weight': 2, 'classifier__max_depth': 9, 'classifier__learning_rate': np.float64(0.01), 'classifier__colsample_bytree': np.float64(0.7999999999999999)}"
1000,150,0.3,0.8,0.9055313126547941,0.6885245901639344,0.8507909604519773,0.81,0.778447860156721,"{'classifier__scale_pos_weight': 2, 'classifier__n_estimators': np.int64(625), 'classifier__min_child_weight': 2, 'classifier__max_depth': 6, 'classifier__learning_rate': np.float64(0.01), 'classifier__colsample_bytree': np.float64(0.5)}"
1000,150,0.3,1.0,0.9366670597947871,0.7714942799858473,0.8686348238482384,0.855,0.8422962811745092,"{'classifier__scale_pos_weight': 4, 'classifier__n_estimators': np.int64(3125), 'classifier__min_child_weight': 3, 'classifier__max_depth': 4, 'classifier__learning_rate': np.float64(0.03162277660168379), 'classifier__colsample_bytree': np.float64(0.7)}"
1000,150,0.3,1.2,0.9621417620002359,0.8278688524590163,0.9087812500000001,0.895,0.8877714493857413,"{'classifier__scale_pos_weight': 4, 'classifier__n_estimators': np.int64(625), 'classifier__min_child_weight': 2, 'classifier__max_depth': 5, 'classifier__learning_rate': np.float64(0.03162277660168379), 'classifier__colsample_bytree': np.float64(0.5)}"
1000,150,0.3,1.4,0.965326099775917,0.8698549357235523,0.9187061403508772,0.915,0.9118298180901037,"{'classifier__scale_pos_weight': 4, 'classifier__n_estimators': np.int64(3125), 'classifier__min_child_weight': 4, 'classifier__max_depth': 7, 'classifier__learning_rate': np.float64(0.03162277660168379), 'classifier__colsample_bytree': np.float64(0.7999999999999999)}"
1000,150,0.4,0.8,0.9278125,0.825,0.8569424964936886,0.85,0.8457255158860137,"{'classifier__scale_pos_weight': 1, 'classifier__n_estimators': np.int64(125), 'classifier__min_child_weight': 2, 'classifier__max_depth': 8, 'classifier__learning_rate': np.float64(0.1), 'classifier__colsample_bytree': np.float64(0.7)}"
1000,150,0.4,1.0,0.9422916666666666,0.8687499999999999,0.8873547958845005,0.885,0.8832749538757722,"{'classifier__scale_pos_weight': 1, 'classifier__n_estimators': np.int64(125), 'classifier__min_child_weight': 2, 'classifier__max_depth': 6, 'classifier__learning_rate': np.float64(0.1), 'classifier__colsample_bytree': np.float64(0.5)}"
1000,150,0.4,1.2,0.9695833333333334,0.9208333333333334,0.9307593307593308,0.93,0.9294900221729488,"{'classifier__scale_pos_weight': 1, 'classifier__n_estimators': np.int64(125), 'classifier__min_child_weight': 4, 'classifier__max_depth': 7, 'classifier__learning_rate': np.float64(0.1), 'classifier__colsample_bytree': np.float64(0.6)}"
1000,150,0.4,1.4,0.9832291666666667,0.91875,0.9317708333333334,0.93,0.9292869269949067,"{'classifier__scale_pos_weight': 4, 'classifier__n_estimators': np.int64(3125), 'classifier__min_child_weight': 2, 'classifier__max_depth': 8, 'classifier__learning_rate': np.float64(0.01), 'classifier__colsample_bytree': np.float64(0.5)}"
1000,300,0.1,0.8,0.6948656557595106,0.5,0.8010250000000001,0.895,0.8454089709762533,"{'classifier__scale_pos_weight': 3, 'classifier__n_estimators': np.int64(125), 'classifier__min_child_weight': 4, 'classifier__max_depth': 3, 'classifier__learning_rate': np.float64(0.03162277660168379), 'classifier__colsample_bytree': np.float64(0.5)}"
1000,300,0.1,1.0,0.7855812716147912,0.5476190476190477,0.9141161616161617,0.905,0.8681547687694614,"{'classifier__scale_pos_weight': 3, 'classifier__n_estimators': np.int64(625), 'classifier__min_child_weight': 2, 'classifier__max_depth': 4, 'classifier__learning_rate': np.float64(0.01), 'classifier__colsample_bytree': np.float64(0.8999999999999999)}"
1000,300,0.1,1.2,0.851024208566108,0.5952380952380952,0.9223724489795919,0.915,0.8880266666666666,"{'classifier__scale_pos_weight': 4, 'classifier__n_estimators': np.int64(625), 'classifier__min_child_weight': 2, 'classifier__max_depth': 9, 'classifier__learning_rate': np.float64(0.03162277660168379), 'classifier__colsample_bytree': np.float64(0.6)}"
1000,300,0.1,1.4,0.8693801542963554,0.5476190476190477,0.9141161616161617,0.905,0.8681547687694614,"{'classifier__scale_pos_weight': 4, 'classifier__n_estimators': np.int64(625), 'classifier__min_child_weight': 1, 'classifier__max_depth': 5, 'classifier__learning_rate': np.float64(0.01), 'classifier__colsample_bytree': np.float64(0.5)}"
1000,300,0.2,0.8,0.8421537045559134,0.6215677251112134,0.8164144144144144,0.83,0.7969601328903656,"{'classifier__scale_pos_weight': 4, 'classifier__n_estimators': np.int64(3125), 'classifier__min_child_weight': 2, 'classifier__max_depth': 6, 'classifier__learning_rate': np.float64(0.1), 'classifier__colsample_bytree': np.float64(0.7)}"
1000,300,0.2,1.0,0.882037122258015,0.6125172572480442,0.8209008638420404,0.83,0.792804538642689,"{'classifier__scale_pos_weight': 4, 'classifier__n_estimators': np.int64(125), 'classifier__min_child_weight': 2, 'classifier__max_depth': 9, 'classifier__learning_rate': np.float64(0.1), 'classifier__colsample_bytree': np.float64(0.7)}"
1000,300,0.2,1.2,0.9533670808406198,0.7435189446234085,0.8763428571428571,0.88,0.8683287969515514,"{'classifier__scale_pos_weight': 1, 'classifier__n_estimators': np.int64(625), 'classifier__min_child_weight': 1, 'classifier__max_depth': 5, 'classifier__learning_rate': np.float64(0.03162277660168379), 'classifier__colsample_bytree': np.float64(0.6)}"
1000,300,0.2,1.4,0.9650253106304648,0.7620033747507287,0.8970928030303031,0.895,0.8839334098737084,"{'classifier__scale_pos_weight': 4, 'classifier__n_estimators': np.int64(3125), 'classifier__min_child_weight': 1, 'classifier__max_depth': 2, 'classifier__learning_rate': np.float64(0.01), 'classifier__colsample_bytree': np.float64(0.5)}"
1000,300,0.3,0.8,0.896685929944569,0.7453119471635806,0.825,0.825,0.8129524156429021,"{'classifier__scale_pos_weight': 3, 'classifier__n_estimators': np.int64(625), 'classifier__min_child_weight': 3, 'classifier__max_depth': 8, 'classifier__learning_rate': np.float64(0.31622776601683794), 'classifier__colsample_bytree': np.float64(0.7)}"
1000,300,0.3,1.0,0.9150843259818375,0.7581082674843731,0.8281602725522146,0.83,0.8204573804573805,"{'classifier__scale_pos_weight': 3, 'classifier__n_estimators': np.int64(625), 'classifier__min_child_weight': 3, 'classifier__max_depth': 5, 'classifier__learning_rate': np.float64(0.1), 'classifier__colsample_bytree': np.float64(0.6)}"
1000,300,0.3,1.2,0.9444509965797854,0.8324684514683336,0.9047634116937914,0.895,0.8886741198391683,"{'classifier__scale_pos_weight': 4, 'classifier__n_estimators': np.int64(625), 'classifier__min_child_weight': 4, 'classifier__max_depth': 6, 'classifier__learning_rate': np.float64(0.03162277660168379), 'classifier__colsample_bytree': np.float64(0.7999999999999999)}"
1000,300,0.3,1.4,0.9665054841372804,0.8570586154027597,0.9169964157706093,0.91,0.905656526761648,"{'classifier__scale_pos_weight': 4, 'classifier__n_estimators': np.int64(625), 'classifier__min_child_weight': 1, 'classifier__max_depth': 8, 'classifier__learning_rate': np.float64(0.03162277660168379), 'classifier__colsample_bytree': np.float64(0.7)}"
1000,300,0.4,0.8,0.9327731092436975,0.7547982155825292,0.8214144736842104,0.795,0.78126061958294,"{'classifier__scale_pos_weight': 2, 'classifier__n_estimators': np.int64(625), 'classifier__min_child_weight': 1, 'classifier__max_depth': 9, 'classifier__learning_rate': np.float64(0.01), 'classifier__colsample_bytree': np.float64(0.5)}"
1000,300,0.4,1.0,0.9520697167755992,0.8392468098350452,0.87775,0.865,0.8604197814836112,"{'classifier__scale_pos_weight': 3, 'classifier__n_estimators': np.int64(3125), 'classifier__min_child_weight': 4, 'classifier__max_depth': 9, 'classifier__learning_rate': np.float64(0.01), 'classifier__colsample_bytree': np.float64(0.5)}"
1000,300,0.4,1.2,0.9687726942628903,0.8987446830584085,0.9113547621615791,0.91,0.9091257522964841,"{'classifier__scale_pos_weight': 2, 'classifier__n_estimators': np.int64(3125), 'classifier__min_child_weight': 1, 'classifier__max_depth': 6, 'classifier__learning_rate': np.float64(0.01), 'classifier__colsample_bytree': np.float64(0.6)}"
1000,300,0.4,1.4,0.9784209980288412,0.9172632015769271,0.9253713921901527,0.925,0.924577337422348,"{'classifier__scale_pos_weight': 3, 'classifier__n_estimators': np.int64(3125), 'classifier__min_child_weight': 1, 'classifier__max_depth': 4, 'classifier__learning_rate': np.float64(0.01), 'classifier__colsample_bytree': np.float64(0.5)}"
1000,600,0.1,0.8,0.8864059590316574,0.5210162277201383,0.8570959595959596,0.895,0.8542763233767733,"{'classifier__scale_pos_weight': 2, 'classifier__n_estimators': np.int64(625), 'classifier__min_child_weight': 4, 'classifier__max_depth': 3, 'classifier__learning_rate': np.float64(0.01), 'classifier__colsample_bytree': np.float64(0.7)}"
1000,600,0.1,1.0,0.9417398244213887,0.5686352753391859,0.8915561224489796,0.905,0.8748533333333333,"{'classifier__scale_pos_weight': 3, 'classifier__n_estimators': np.int64(3125), 'classifier__min_child_weight': 4, 'classifier__max_depth': 7, 'classifier__learning_rate': np.float64(0.03162277660168379), 'classifier__colsample_bytree': np.float64(0.5)}"
1000,600,0.1,1.2,0.9518488959829742,0.6400638467677573,0.915440414507772,0.92,0.9015053763440861,"{'classifier__scale_pos_weight': 2, 'classifier__n_estimators': np.int64(3125), 'classifier__min_child_weight': 4, 'classifier__max_depth': 7, 'classifier__learning_rate': np.float64(0.01), 'classifier__colsample_bytree': np.float64(0.8999999999999999)}"
1000,600,0.1,1.4,0.9672785315243416,0.687682894386805,0.9274171029668412,0.93,0.9171351351351352,"{'classifier__scale_pos_weight': 2, 'classifier__n_estimators': np.int64(3125), 'classifier__min_child_weight': 3, 'classifier__max_depth': 5, 'classifier__learning_rate': np.float64(0.01), 'classifier__colsample_bytree': np.float64(0.6)}"
1000,600,0.2,0.8,0.9216137444393312,0.6797821751802424,0.874850543478261,0.865,0.8403145619149914,"{'classifier__scale_pos_weight': 4, 'classifier__n_estimators': np.int64(625), 'classifier__min_child_weight': 4, 'classifier__max_depth': 6, 'classifier__learning_rate': np.float64(0.1), 'classifier__colsample_bytree': np.float64(0.7999999999999999)}"
1000,600,0.2,1.0,0.9575088203712226,0.7498082527995091,0.892343404568902,0.89,0.8774776785714287,"{'classifier__scale_pos_weight': 1, 'classifier__n_estimators': np.int64(625), 'classifier__min_child_weight': 2, 'classifier__max_depth': 5, 'classifier__learning_rate': np.float64(0.01), 'classifier__colsample_bytree': np.float64(0.7)}"
1000,600,0.2,1.2,0.9710078232857801,0.8107838625556067,0.9160257475083057,0.915,0.9086619379132186,"{'classifier__scale_pos_weight': 3, 'classifier__n_estimators': np.int64(625), 'classifier__min_child_weight': 1, 'classifier__max_depth': 4, 'classifier__learning_rate': np.float64(0.1), 'classifier__colsample_bytree': np.float64(0.7999999999999999)}"
1000,600,0.2,1.4,0.985273815002301,0.8261236385948765,0.9279692691029899,0.925,0.9194075922763694,"{'classifier__scale_pos_weight': 4, 'classifier__n_estimators': np.int64(3125), 'classifier__min_child_weight': 4, 'classifier__max_depth': 8, 'classifier__learning_rate': np.float64(0.01), 'classifier__colsample_bytree': np.float64(0.7)}"
1000,600,0.3,0.8,0.9414285714285714,0.6916666666666667,0.8536723163841807,0.815,0.7845615902094181,"{'classifier__scale_pos_weight': 4, 'classifier__n_estimators': np.int64(625), 'classifier__min_child_weight': 1, 'classifier__max_depth': 8, 'classifier__learning_rate': np.float64(0.01), 'classifier__colsample_bytree': np.float64(0.5)}"
1000,600,0.3,1.0,0.9377380952380953,0.8119047619047619,0.8699604743083004,0.87,0.8645103324348608,"{'classifier__scale_pos_weight': 1, 'classifier__n_estimators': np.int64(625), 'classifier__min_child_weight': 2, 'classifier__max_depth': 4, 'classifier__learning_rate': np.float64(0.31622776601683794), 'classifier__colsample_bytree': np.float64(0.5)}"
1000,600,0.3,1.2,0.9785714285714286,0.9011904761904762,0.9365574417686539,0.935,0.9333769755915085,"{'classifier__scale_pos_weight': 1, 'classifier__n_estimators': np.int64(3125), 'classifier__min_child_weight': 3, 'classifier__max_depth': 4, 'classifier__learning_rate': np.float64(0.01), 'classifier__colsample_bytree': np.float64(0.6)}"
1000,600,0.3,1.4,0.9872619047619047,0.925,0.957718120805369,0.955,0.9538763677171981,"{'classifier__scale_pos_weight': 2, 'classifier__n_estimators': np.int64(3125), 'classifier__min_child_weight': 3, 'classifier__max_depth': 4, 'classifier__learning_rate': np.float64(0.01), 'classifier__colsample_bytree': np.float64(0.6)}"
1000,600,0.4,0.8,0.9307291666666666,0.8229166666666666,0.8341333333333333,0.835,0.8340223831468072,"{'classifier__scale_pos_weight': 1, 'classifier__n_estimators': np.int64(625), 'classifier__min_child_weight': 4, 'classifier__max_depth': 10, 'classifier__learning_rate': np.float64(0.1), 'classifier__colsample_bytree': np.float64(0.7)}"
1000,600,0.4,1.0,0.9610416666666667,0.8833333333333333,0.8955021033329738,0.895,0.8940858934666984,"{'classifier__scale_pos_weight': 2, 'classifier__n_estimators': np.int64(3125), 'classifier__min_child_weight': 1, 'classifier__max_depth': 5, 'classifier__learning_rate': np.float64(0.01), 'classifier__colsample_bytree': np.float64(0.6)}"
1000,600,0.4,1.2,0.96875,0.8625,0.8933611400764684,0.885,0.881967837609861,"{'classifier__scale_pos_weight': 3, 'classifier__n_estimators': np.int64(125), 'classifier__min_child_weight': 4, 'classifier__max_depth': 7, 'classifier__learning_rate': np.float64(0.03162277660168379), 'classifier__colsample_bytree': np.float64(0.6)}"
1000,600,0.4,1.4,0.99125,0.9354166666666666,0.9465214108510409,0.945,0.9445211822920803,"{'classifier__scale_pos_weight': 4, 'classifier__n_estimators': np.int64(125), 'classifier__min_child_weight': 2, 'classifier__max_depth': 5, 'classifier__learning_rate': np.float64(0.31622776601683794), 'classifier__colsample_bytree': np.float64(0.8999999999999999)}"
1000,1000,0.1,0.8,0.8312053115423902,0.5,0.7921,0.89,0.8382010582010581,"{'classifier__scale_pos_weight': 4, 'classifier__n_estimators': np.int64(125), 'classifier__min_child_weight': 3, 'classifier__max_depth': 10, 'classifier__learning_rate': np.float64(0.03162277660168379), 'classifier__colsample_bytree': np.float64(0.7)}"
1000,1000,0.1,1.0,0.9039836567926456,0.5426455566905005,0.8729780033840947,0.895,0.85776,"{'classifier__scale_pos_weight': 4, 'classifier__n_estimators': np.int64(625), 'classifier__min_child_weight': 2, 'classifier__max_depth': 8, 'classifier__learning_rate': np.float64(0.1), 'classifier__colsample_bytree': np.float64(0.5)}"
1000,1000,0.1,1.2,0.8644024514811031,0.5681818181818181,0.9141624365482234,0.905,0.8713066666666667,"{'classifier__scale_pos_weight': 3, 'classifier__n_estimators': np.int64(25), 'classifier__min_child_weight': 1, 'classifier__max_depth': 3, 'classifier__learning_rate': np.float64(0.1), 'classifier__colsample_bytree': np.float64(0.7999999999999999)}"
1000,1000,0.1,1.4,0.9001532175689478,0.6790091930541369,0.9225421756835369,0.925,0.9105953317597691,"{'classifier__scale_pos_weight': 3, 'classifier__n_estimators': np.int64(625), 'classifier__min_child_weight': 1, 'classifier__max_depth': 6, 'classifier__learning_rate': np.float64(0.01), 'classifier__colsample_bytree': np.float64(0.8999999999999999)}"
1000,1000,0.2,0.8,0.9180855959502991,0.5487804878048781,0.8499234693877551,0.815,0.748585289514867,"{'classifier__scale_pos_weight': 2, 'classifier__n_estimators': np.int64(125), 'classifier__min_child_weight': 4, 'classifier__max_depth': 10, 'classifier__learning_rate': np.float64(0.03162277660168379), 'classifier__colsample_bytree': np.float64(0.5)}"
1000,1000,0.2,1.0,0.9567418315692591,0.7285626629851204,0.8925833333333333,0.885,0.8687668649354419,"{'classifier__scale_pos_weight': 2, 'classifier__n_estimators': np.int64(625), 'classifier__min_child_weight': 3, 'classifier__max_depth': 5, 'classifier__learning_rate': np.float64(0.03162277660168379), 'classifier__colsample_bytree': np.float64(0.5)}"
1000,1000,0.2,1.2,0.9630311397453597,0.765148028838779,0.9057479734708918,0.9,0.8886160714285714,"{'classifier__scale_pos_weight': 4, 'classifier__n_estimators': np.int64(125), 'classifier__min_child_weight': 1, 'classifier__max_depth': 7, 'classifier__learning_rate': np.float64(0.31622776601683794), 'classifier__colsample_bytree': np.float64(0.7)}"
1000,1000,0.2,1.4,0.9826660530756252,0.862709004448535,0.9416415346440161,0.94,0.9367479674796749,"{'classifier__scale_pos_weight': 3, 'classifier__n_estimators': np.int64(125), 'classifier__min_child_weight': 1, 'classifier__max_depth': 9, 'classifier__learning_rate': np.float64(0.1), 'classifier__colsample_bytree': np.float64(0.6)}"
1000,1000,0.3,0.8,0.8569406769666235,0.6885245901639344,0.8507909604519773,0.81,0.778447860156721,"{'classifier__scale_pos_weight': 3, 'classifier__n_estimators': np.int64(625), 'classifier__min_child_weight': 1, 'classifier__max_depth': 5, 'classifier__learning_rate': np.float64(0.01), 'classifier__colsample_bytree': np.float64(0.6)}"
1000,1000,0.3,1.0,0.8988088217950231,0.7059205094940441,0.8367898671096345,0.815,0.7905173597312042,"{'classifier__scale_pos_weight': 4, 'classifier__n_estimators': np.int64(625), 'classifier__min_child_weight': 4, 'classifier__max_depth': 10, 'classifier__learning_rate': np.float64(0.01), 'classifier__colsample_bytree': np.float64(0.6)}"
1000,1000,0.3,1.2,0.9159098950347918,0.7515037150607383,0.8517056277056276,0.84,0.8251754385964912,"{'classifier__scale_pos_weight': 4, 'classifier__n_estimators': np.int64(625), 'classifier__min_child_weight': 4, 'classifier__max_depth': 6, 'classifier__learning_rate': np.float64(0.01), 'classifier__colsample_bytree': np.float64(0.7999999999999999)}"
1000,1000,0.3,1.4,0.9567165939379644,0.8534614931006015,0.9100183512140034,0.905,0.9007728621096617,"{'classifier__scale_pos_weight': 2, 'classifier__n_estimators': np.int64(3125), 'classifier__min_child_weight': 1, 'classifier__max_depth': 3, 'classifier__learning_rate': np.float64(0.1), 'classifier__colsample_bytree': np.float64(0.5)}"
1000,1000,0.4,0.8,0.9379603693329184,0.8266417678182384,0.8571949947862356,0.85,0.8458984375,"{'classifier__scale_pos_weight': 4, 'classifier__n_estimators': np.int64(625), 'classifier__min_child_weight': 1, 'classifier__max_depth': 10, 'classifier__learning_rate': np.float64(0.03162277660168379), 'classifier__colsample_bytree': np.float64(0.5)}"
1000,1000,0.4,1.0,0.9626517273576097,0.8965141612200436,0.9051167232597623,0.905,0.9044646274016409,"{'classifier__scale_pos_weight': 1, 'classifier__n_estimators': np.int64(125), 'classifier__min_child_weight': 4, 'classifier__max_depth': 10, 'classifier__learning_rate': np.float64(0.03162277660168379), 'classifier__colsample_bytree': np.float64(0.5)}"
1000,1000,0.4,1.2,0.9787322336341944,0.8785143687104471,0.911053180396246,0.9,0.897265625,"{'classifier__scale_pos_weight': 4, 'classifier__n_estimators': np.int64(625), 'classifier__min_child_weight': 3, 'classifier__max_depth': 10, 'classifier__learning_rate': np.float64(0.03162277660168379), 'classifier__colsample_bytree': np.float64(0.7)}"
1000,1000,0.4,1.4,0.9913891482518933,0.9278970847598298,0.9435593405393601,0.94,0.9392359932088286,"{'classifier__scale_pos_weight': 4, 'classifier__n_estimators': np.int64(625), 'classifier__min_child_weight': 3, 'classifier__max_depth': 7, 'classifier__learning_rate': np.float64(0.01), 'classifier__colsample_bytree': np.float64(0.5)}"
